2021-08-08,01:43:34,KRW-BTC,limit,50000000.0,bid,0.0002,10000.0,
2021-07-20,23:22:25,KRW-BTC,limit,35111000.0,ask,0.04140924,1453919.0,
2021-05-28,18:28:26,KRW-BTC,limit,43501000.0,bid,0.02298797,999999.0,
2021-05-20,22:35:27,KRW-BTC,limit,52409000.0,ask,0.01842126,965439.0,
2021-05-20,22:26:54,KRW-BTC,limit,52542000.0,ask,0.03684252,1935779.0,
2021-05-20,22:26:41,KRW-BTC,limit,52546000.0,ask,0.07368504,3871854.0,
2021-05-20,22:26:27,KRW-BTC,limit,52600000.0,bid,0.06053461,3184120.0,
2021-05-20,18:46:01,KRW-BTC,limit,49988000.0,bid,0.0200064,1000079.0,
2021-05-20,09:24:06,KRW-BTC,market,None,ask,0.02028521,None,
2021-05-20,01:21:56,KRW-BTC,limit,49396000.0,bid,0.02028521,1002008.0,
2021-05-19,21:13:40,KRW-BTC,limit,49980000.0,ask,0.06975765,3486487.0,
2021-05-19,21:12:31,KRW-BTC,limit,50868000.0,bid,0.06975765,3548432.0,
2021-01-12,03:01:10,KRW-BTC,market,None,ask,0.01900583,None,
2021-01-12,02:52:32,KRW-BTC,market,None,ask,0.01900582,None,
2021-01-11,02:50:32,KRW-BTC,limit,42454000.0,bid,0.00441583,187469.0,
2021-01-10,19:35:13,KRW-BTC,market,None,ask,0.00905693,None,
2021-01-10,17:30:26,KRW-BTC,limit,46415000.0,bid,0.00448941,208375.0,
2021-01-10,13:31:07,KRW-BTC,limit,46202000.0,bid,0.00432189,199679.0,
2021-01-07,17:19:31,KRW-BTC,market,None,ask,0.00656344,None,
2021-01-07,13:39:53,KRW-BTC,market,None,ask,0.00656343,None,
2021-01-07,03:29:28,KRW-BTC,limit,38767000.0,bid,0.01312687,508889.0,
2021-01-04,13:40:58,KRW-BTC,market,None,ask,0.01369653,None,
2021-01-04,00:28:05,KRW-BTC,market,None,ask,0.01034133,None,
2021-01-03,23:06:03,KRW-BTC,limit,38181000.0,bid,0.00265095,101215.0,
2021-01-03,20:41:32,KRW-BTC,limit,38267000.0,bid,0.00128368,49122.0,
2018-02-17,17:14:38,KRW-BTC,limit,11956000.0,ask,0.00530435,63418.0,
2018-02-17,16:05:11,KRW-BTC,limit,11928000.0,bid,0.00530435,63270.0,
2018-01-20,02:14:11,KRW-BTC,limit,15262000.0,ask,0.00621927,94918.0,
2018-01-20,01:41:24,KRW-BTC,limit,15311000.0,bid,0.00457442,70038.0,
2018-01-20,01:13:39,KRW-BTC,limit,15270000.0,bid,0.0015958,24367.0,
2018-01-13,01:40:07,KRW-BTC,limit,19625000.0,ask,0.00160845,31565.0,
2018-01-09,11:49:18,KRW-BTC,limit,25468000.0,bid,0.00073828,18802.0,
2018-01-08,22:39:56,KRW-BTC,limit,24600000.0,ask,0.0010091,24823.0,
2018-01-05,03:54:14,KRW-BTC,limit,22000000.0,ask,0.00132029,29046.0,
2018-01-03,21:53:38,KRW-BTC,limit,20250000.0,bid,0.00126149,25545.0,
2018-01-01,23:53:18,KRW-BTC,limit,18660000.0,ask,0.00030279,5650.0,
2018-01-01,21:18:54,KRW-BTC,limit,18825000.0,bid,0.00030279,5700.0,
2017-12-28,22:22:19,KRW-BTC,limit,19830000.0,ask,0.00059687,11835.0,
2017-12-28,19:52:51,KRW-BTC,limit,19260000.0,bid,0.00056746,10929.0,
2017-12-17,21:10:12,KRW-BTC,limit,22948000.0,bid,0.00065567,15046.0,
2017-12-15,11:34:46,KRW-BTC,limit,20990000.0,ask,0.00020165,4232.0,
2017-12-15,11:33:10,KRW-BTC,limit,20860000.0,bid,0.00023981,5002.0,
2017-12-15,11:31:12,KRW-BTC,limit,20700000.0,bid,0.00049637,10274.0,
2017-12-12,22:29:07,KRW-BTC,limit,19311000.0,bid,0.00113929,22000.0,
2017-12-12,13:59:50,KRW-BTC,limit,19090000.0,bid,0.00062555,11941.0,
2017-12-12,10:29:44,KRW-BTC,limit,19140000.0,ask,0.00248619,47585.0,
2017-12-12,10:28:44,KRW-BTC,limit,19085000.0,ask,0.00119584,22822.0,
2017-12-11,21:57:48,KRW-BTC,limit,18896000.0,bid,0.00059517,11246.0,
2017-12-11,11:35:25,KRW-BTC,limit,19100000.0,bid,0.00314869,60139.0,
2017-12-11,10:14:15,KRW-BTC,limit,18976000.0,ask,0.00330477,62711.0,
2017-12-11,02:43:02,KRW-BTC,limit,17349000.0,ask,0.00061788,10719.0,
2017-12-11,02:21:47,KRW-BTC,limit,17250000.0,bid,0.00123457,21296.0,
2017-12-11,02:21:26,KRW-BTC,limit,17257000.0,bid,0.00123782,21361.0,
2017-12-09,22:33:25,KRW-BTC,limit,17650000.0,ask,0.00149744,26429.0,
2017-12-09,22:27:39,KRW-BTC,limit,17600000.0,ask,0.00157436,27708.0,
2017-12-09,21:20:04,KRW-BTC,limit,17800000.0,bid,0.00157436,28023.0,
2017-12-09,19:38:36,KRW-BTC,limit,17560000.0,ask,0.004,70240.0,
2017-12-09,18:52:56,KRW-BTC,limit,18000000.0,bid,0.003,54000.0,
2017-12-09,18:50:29,KRW-BTC,limit,18000000.0,bid,0.001,18000.0,
2017-12-09,18:48:49,KRW-BTC,limit,16900000.0,ask,0.00308475,52132.0,
2017-12-09,18:27:20,KRW-BTC,limit,17800000.0,bid,0.00059999,10679.0,
2017-12-09,14:16:51,KRW-BTC,limit,18907000.0,bid,0.00225292,42595.0,
2017-12-09,12:26:13,KRW-BTC,limit,18500000.0,bid,0.00231203,42772.0,
2017-12-09,12:17:52,KRW-BTC,limit,19500000.0,ask,0.00447181,87200.0,
2017-12-09,01:14:49,KRW-BTC,limit,19955000.0,ask,0.00228083,45513.0,
2017-12-08,20:42:34,KRW-BTC,limit,17001000.0,bid,0.00215226,36590.0,
2017-12-08,12:22:06,KRW-BTC,limit,21990000.0,bid,0.00177975,39136.0,
2017-12-07,13:16:57,KRW-BTC,limit,18620000.0,bid,0.0030554,56891.0,
2017-12-06,19:03:21,KRW-BTC,limit,15885000.0,bid,0.0013,20650.0,
2017-12-06,10:28:19,KRW-BTC,limit,14870000.0,bid,0.0069,102603.0,
2017-12-06,01:10:16,KRW-BTC,limit,14329000.0,bid,0.00049497,7092.0,
2017-12-05,12:01:00,KRW-BTC,limit,14000000.0,bid,0.00440893,61725.0,
2017-12-05,10:00:25,KRW-BTC,limit,13750000.0,bid,0.00145476,20002.0,
2017-12-04,23:48:48,KRW-BTC,limit,13420000.0,bid,0.0006842,9181.0,
2017-12-04,21:52:06,KRW-BTC,limit,13345000.0,ask,0.0022,29359.0,
2017-12-04,19:43:54,KRW-BTC,limit,13444000.0,bid,0.00743454,99949.0,
2021-10-07,21:55:00,KRW-ETH,limit,4324000.0,ask,0.23230052,1004467.0,
2021-10-07,00:24:16,KRW-ETH,limit,4356000.0,ask,0.11478421,500000.0,
2021-10-06,22:17:23,KRW-ETH,limit,4321000.0,bid,0.34708473,1499753.0,
2021-05-20,09:21:18,KRW-ETH,market,None,ask,0.27337343,None,
2021-05-20,02:33:36,KRW-ETH,limit,3673000.0,bid,0.27337343,1004100.0,
2021-05-13,12:53:39,KRW-ETH,market,None,ask,0.39077765,None,
2021-05-13,03:33:21,KRW-ETH,limit,5120000.0,bid,0.39077765,2000781.0,
2021-05-11,23:40:00,KRW-ETH,limit,4873000.0,ask,0.93109954,4537248.0,
2021-05-08,23:45:13,KRW-ETH,limit,4365000.0,bid,0.34342416,1499046.0,
2021-05-08,23:32:45,KRW-ETH,limit,4386000.0,bid,0.58767538,2577544.0,
2021-01-11,20:52:17,KRW-ETH,market,None,ask,0.30187731,None,
2021-01-11,01:24:32,KRW-ETH,market,None,ask,0.18371989,None,
2021-01-10,19:35:24,KRW-ETH,market,None,ask,0.46327915,None,
2021-01-10,13:25:04,KRW-ETH,limit,1508500.0,bid,0.1362805,205579.0,
2021-01-09,21:21:59,KRW-ETH,market,None,ask,0.31506039,None,
2021-01-09,20:32:12,KRW-ETH,limit,1415000.0,bid,0.15,212250.0,
2021-01-09,18:10:48,KRW-ETH,limit,1395000.0,bid,0.16506039,230259.0,
2021-01-09,13:52:31,KRW-ETH,market,None,ask,0.65354447,None,
2021-01-09,01:43:10,KRW-ETH,limit,1370500.0,bid,0.15,205575.0,
2021-01-09,01:42:32,KRW-ETH,limit,1417000.0,bid,0.1,141700.0,
2021-01-09,00:14:45,KRW-ETH,market,None,ask,0.71911656,None,
2021-01-08,21:48:57,KRW-ETH,limit,1441500.0,bid,0.08954804,129083.0,
2021-01-08,12:31:32,KRW-ETH,limit,1318500.0,bid,0.13,171405.0,
2021-01-08,05:02:10,KRW-ETH,limit,1391500.0,bid,0.1,139150.0,
2021-01-07,22:24:05,KRW-ETH,market,None,ask,0.12938802,None,
2021-01-07,13:39:21,KRW-ETH,limit,1358500.0,ask,0.12938801,175773.0,
2021-01-07,03:27:27,KRW-ETH,limit,1323000.0,ask,0.15,198450.0,
2021-01-06,21:46:41,KRW-ETH,limit,1259500.0,bid,0.08226677,103614.0,
2021-01-06,21:40:35,KRW-ETH,limit,1267000.0,bid,0.32650926,413687.0,
2021-01-06,21:31:30,KRW-ETH,market,None,ask,0.54850995,None,
2021-01-06,20:49:28,KRW-ETH,limit,1280500.0,bid,0.10200546,130617.0,
2021-01-06,00:23:10,KRW-ETH,limit,1194500.0,ask,0.14883483,177783.0,
2021-01-05,08:46:19,KRW-ETH,limit,1194500.0,ask,0.19844644,237044.0,
2021-01-05,00:29:42,KRW-ETH,limit,1193500.0,bid,0.79378576,947383.0,
2021-01-05,00:06:41,KRW-ETH,market,None,ask,0.81192747,None,
2021-01-04,17:39:38,KRW-ETH,market,None,ask,0.40350181,None,
2021-01-04,16:45:56,KRW-ETH,market,None,ask,0.4035018,None,
2021-01-04,13:32:07,KRW-ETH,market,None,ask,0.33510258,None,
2021-01-04,13:07:29,KRW-ETH,limit,1165000.0,bid,0.11201459,130496.0,
2021-01-04,13:00:07,KRW-ETH,limit,1170500.0,bid,0.22308799,261124.0,
2021-01-04,01:19:15,KRW-ETH,limit,1060500.0,ask,0.50041752,530692.0,
2021-01-04,00:47:21,KRW-ETH,limit,1015500.0,bid,0.50041752,508173.0,
2021-01-04,00:37:51,KRW-ETH,limit,1011000.0,ask,0.50489431,510448.0,
2021-01-04,00:33:12,KRW-ETH,limit,1003000.0,bid,0.50489431,506408.0,
2021-01-04,00:28:21,KRW-ETH,market,None,ask,0.32851196,None,
2021-01-03,22:56:04,KRW-ETH,limit,986100.0,bid,0.10078488,99383.0,
2021-01-03,10:46:01,KRW-ETH,limit,872900.0,bid,0.06969707,60838.0,
2021-01-02,23:04:29,KRW-ETH,limit,840000.0,bid,0.0724994,60899.0,
2021-01-02,22:25:30,KRW-ETH,limit,841500.0,bid,0.08553061,71974.0,
2021-01-02,12:52:54,KRW-ETH,limit,804700.0,ask,0.12292562,98918.0,
2021-01-01,10:00:18,KRW-ETH,limit,813500.0,bid,0.12292562,99999.0,
2017-12-14,16:00:10,KRW-ETH,limit,807600.0,ask,0.05014074,40493.0,
2017-12-13,17:18:38,KRW-ETH,limit,705600.0,bid,0.05014074,35379.0,
2021-08-25,11:24:16,KRW-NEO,limit,65770.0,ask,14.89646954,979740.0,
2021-08-24,23:23:21,KRW-NEO,limit,67100.0,bid,14.89646954,999553.0,
2021-08-24,18:48:04,KRW-NEO,limit,70120.0,ask,14.77570372,1036072.0,
2021-08-23,13:46:09,KRW-NEO,limit,65450.0,bid,14.36210848,940000.0,
2021-05-04,22:57:41,KRW-NEO,limit,126250.0,ask,35.07430237,4428130.0,
2021-05-04,18:12:25,KRW-NEO,limit,126550.0,bid,15.81652827,2001581.0,
2021-05-04,16:36:41,KRW-NEO,limit,126900.0,ask,12.83851606,1629207.0,
2021-05-04,14:47:06,KRW-NEO,limit,124900.0,bid,16.05136437,2004815.0,
2021-05-04,14:44:50,KRW-NEO,limit,124150.0,bid,16.04492579,1991977.0,
2021-05-04,12:52:22,KRW-NEO,market,None,ask,23.06273063,None,
2021-04-30,21:02:03,KRW-NEO,limit,108600.0,bid,23.06273063,2504612.0,
2021-04-23,04:15:32,KRW-NEO,market,None,ask,26.57676092,None,
2021-04-15,23:28:19,KRW-NEO,limit,88060.0,ask,3.40676811,299999.0,
2021-04-15,14:51:29,KRW-NEO,limit,86680.0,bid,27.07373272,2346751.0,
2018-02-09,23:42:14,KRW-NEO,limit,127750.0,ask,0.30273725,38674.0,
2018-02-09,22:52:47,KRW-NEO,limit,127050.0,bid,0.30273725,38462.0,
2018-02-07,21:11:33,KRW-NEO,limit,126000.0,ask,0.29382811,37022.0,
2018-02-07,21:02:44,KRW-NEO,limit,124150.0,bid,0.29382811,36478.0,
2018-02-07,17:52:46,KRW-NEO,limit,117250.0,ask,0.3136141,36771.0,
2018-02-07,17:46:48,KRW-NEO,limit,116500.0,bid,0.3136141,36536.0,
2018-02-07,16:52:09,KRW-NEO,limit,114950.0,ask,0.14319878,16460.0,
2018-02-07,16:48:42,KRW-NEO,limit,116500.0,bid,0.14319878,16682.0,
2017-12-06,18:35:23,KRW-NEO,limit,47000.0,ask,0.23868061,11217.0,
2017-12-06,11:46:10,KRW-NEO,limit,47710.0,bid,0.09313704,4443.0,
2021-08-24,23:04:05,KRW-MTL,limit,3490.0,ask,279.64282322,975953.0,
2021-08-24,22:53:44,KRW-MTL,limit,3510.0,ask,279.64282321,981546.0,
2021-08-24,21:13:57,KRW-MTL,limit,3630.0,bid,559.28564643,2030206.0,
2021-08-23,01:03:10,KRW-MTL,limit,3375.0,ask,173.16017316,584415.0,
2021-08-22,22:29:02,KRW-MTL,limit,3475.0,bid,173.16017316,601731.0,
2021-07-31,21:40:07,KRW-MTL,market,None,ask,1039.30755953,None,
2021-07-31,12:02:22,KRW-MTL,limit,2390.0,ask,418.41004184,999999.0,
2021-07-30,14:39:59,KRW-MTL,limit,2260.0,bid,659.59984609,1490695.0,
2021-07-30,14:05:40,KRW-MTL,limit,2260.0,bid,798.11775528,1803746.0,
2021-04-05,15:28:48,KRW-MTL,market,None,ask,125.89278826,None,
2021-04-05,13:28:39,KRW-MTL,limit,8065.0,bid,125.89278826,1015325.0,
2021-03-24,03:18:07,KRW-MTL,market,None,ask,179.79636672,None,
2021-03-24,03:09:15,KRW-MTL,market,None,ask,179.79636672,None,
2021-03-23,18:05:09,KRW-MTL,market,None,ask,359.59273344,None,
2021-03-23,18:02:16,KRW-MTL,limit,2110.0,ask,239.72848895,505827.0,
2021-03-23,09:05:42,KRW-MTL,market,None,ask,208.33755001,None,
2021-03-22,16:34:07,KRW-MTL,limit,1920.0,bid,156.65796345,300783.0,
2018-02-08,11:38:52,KRW-MTL,limit,4510.0,ask,8.11576782,36602.0,
2018-02-08,11:15:12,KRW-MTL,limit,4590.0,bid,8.11576782,37251.0,
2018-01-01,17:21:29,KRW-MTL,limit,11300.0,ask,0.51426751,5811.0,
2018-01-01,17:20:05,KRW-MTL,limit,11360.0,bid,0.51426751,5842.0,
2021-05-12,00:06:46,KRW-LTC,limit,446000.0,ask,12.2387196,5458468.0,
2021-05-12,00:03:31,KRW-LTC,limit,448650.0,bid,12.2387196,5490901.0,
2021-05-11,19:48:37,KRW-LTC,limit,445200.0,ask,5.04311024,2245192.0,
2021-05-08,23:43:51,KRW-LTC,limit,411850.0,ask,3.64342968,1500546.0,
2021-05-07,00:32:46,KRW-LTC,limit,417800.0,bid,8.68653992,3629236.0,
2021-05-06,12:03:18,KRW-LTC,market,None,ask,6.54521866,None,
2021-05-05,15:45:20,KRW-LTC,limit,408300.0,ask,3.67647059,1501102.0,
2021-05-05,12:58:25,KRW-LTC,limit,419600.0,bid,10.22168925,4289020.0,
2021-01-07,13:38:51,KRW-LTC,limit,188450.0,ask,0.85227444,160611.0,
2021-01-06,20:26:55,KRW-LTC,limit,180000.0,bid,0.85227444,153409.0,
2021-01-04,01:19:41,KRW-LTC,limit,173200.0,ask,1.50628707,260888.0,
2021-01-04,00:51:32,KRW-LTC,limit,168600.0,bid,1.50628707,253960.0,
2021-01-04,00:28:29,KRW-LTC,limit,165450.0,ask,1.23676866,204623.0,
2021-01-03,16:34:24,KRW-LTC,limit,159400.0,bid,1.23676866,197140.0,
2018-02-09,11:31:18,KRW-LTC,limit,169000.0,ask,0.22775208,38490.0,
2018-02-09,11:09:10,KRW-LTC,limit,170100.0,bid,0.22775208,38740.0,
2018-01-23,22:46:56,KRW-LTC,limit,210000.0,bid,0.2,42000.0,
2017-12-11,10:14:28,KRW-LTC,limit,180900.0,ask,0.06143423,11113.0,
2017-12-11,02:45:05,KRW-LTC,limit,174700.0,bid,0.06143423,10732.0,
2021-10-03,23:54:54,KRW-XRP,limit,1300.0,ask,759.58509294,987460.0,
2021-10-03,23:17:00,KRW-XRP,limit,1310.0,bid,759.58509294,995056.0,
2021-10-03,21:49:38,KRW-XRP,limit,1275.0,ask,952.796,1214814.0,
2021-10-02,22:19:34,KRW-XRP,limit,1260.0,ask,794.855169,1001517.0,
2021-09-07,00:59:43,KRW-XRP,limit,1570.0,ask,765.3618,1201618.0,
2021-05-24,02:21:08,KRW-XRP,limit,854.0,ask,1145.47537228,978235.0,
2021-05-24,02:05:00,KRW-XRP,limit,869.0,bid,1145.47537228,995418.0,
2021-05-20,09:21:03,KRW-XRP,market,None,ask,1237.6717932,None,
2021-05-20,00:45:54,KRW-XRP,limit,1615.0,ask,559.00621118,902795.0,
2021-05-20,00:44:03,KRW-XRP,limit,1610.0,ask,8027.00897116,12923484.0,
2021-05-20,00:43:12,KRW-XRP,limit,1605.0,bid,8797.33217503,14119718.0,
2021-05-19,17:08:11,KRW-XRP,limit,1870.0,bid,687.83068783,1286243.0,
2021-05-19,10:36:13,KRW-XRP,market,None,ask,939.52411267,None,
2021-05-19,10:35:52,KRW-XRP,market,None,ask,1879.04822535,None,
2021-05-19,03:56:11,KRW-XRP,limit,1940.0,bid,516.79586563,1002583.0,
2021-05-19,01:52:52,KRW-XRP,limit,1945.0,ask,771.20822622,1499999.0,
2021-05-18,03:47:48,KRW-XRP,limit,1870.0,bid,1336.89839572,2499999.0,
2021-05-17,21:24:41,KRW-XRP,limit,1880.0,ask,1329.78723404,2499999.0,
2021-05-17,19:09:50,KRW-XRP,limit,1885.0,bid,1711.76405835,3226675.0,
2021-05-17,19:04:01,KRW-XRP,limit,1870.0,ask,2293.63359125,4289094.0,
2021-05-17,19:03:35,KRW-XRP,limit,1880.0,ask,4587.2671825,8624062.0,
2021-05-17,17:08:16,KRW-XRP,limit,1785.0,ask,1525.1625565,2722415.0,
2021-05-17,16:45:26,KRW-XRP,market,None,ask,6484.8846295,None,
2021-05-17,16:41:35,KRW-XRP,limit,1810.0,bid,6484.8846295,11737641.0,
2021-05-17,16:39:17,KRW-XRP,limit,1790.0,ask,3277.37363811,5866498.0,
2021-05-17,16:39:00,KRW-XRP,limit,1795.0,ask,3277.37363811,5882885.0,
2021-05-17,16:37:04,KRW-XRP,limit,1785.0,bid,6554.74727622,11700223.0,
2021-05-17,12:56:57,KRW-XRP,market,None,ask,1426.31451802,None,
2021-05-17,12:46:56,KRW-XRP,limit,1650.0,ask,1426.31451802,2353418.0,
2021-05-17,07:04:09,KRW-XRP,limit,1785.0,ask,560.22408964,1000000.0,
2021-05-17,06:29:15,KRW-XRP,limit,1770.0,ask,3412.85312568,6040750.0,
2021-05-17,05:05:10,KRW-XRP,limit,1760.0,bid,2880.44386897,5069581.0,
2021-05-17,04:55:11,KRW-XRP,limit,1735.0,bid,1126.76056338,1954929.0,
2021-05-17,04:39:46,KRW-XRP,limit,1775.0,bid,1126.76056338,1999999.0,
2021-05-17,04:27:01,KRW-XRP,limit,1775.0,bid,561.79775281,997191.0,
2021-05-17,04:25:59,KRW-XRP,limit,1780.0,bid,1129.94350282,2011299.0,
2021-05-17,03:10:45,KRW-XRP,limit,1815.0,ask,3313.62857142,6014235.0,
2021-05-17,03:07:16,KRW-XRP,limit,1820.0,bid,3313.62857142,6030803.0,
2021-05-16,00:37:35,KRW-XRP,market,None,ask,3012.18625515,None,
2021-05-16,00:31:33,KRW-XRP,limit,1895.0,bid,3012.18625515,5708092.0,
2021-05-15,23:55:55,KRW-XRP,limit,1825.0,ask,6264.83543023,11433324.0,
2021-05-15,23:54:10,KRW-XRP,limit,1835.0,bid,6264.83542969,11495973.0,
2021-05-13,16:20:30,KRW-XRP,limit,1715.0,bid,303.0,519645.0,
2021-05-12,18:49:43,KRW-XRP,limit,1825.0,bid,1657.45856354,3024861.0,
2021-05-10,15:49:56,KRW-XRP,limit,1915.0,ask,1495.80726133,2864470.0,
2021-05-07,19:24:39,KRW-XRP,limit,1905.0,ask,1495.80726132,2849512.0,
2021-05-06,13:32:59,KRW-XRP,limit,2070.0,bid,1209.88236715,2504456.0,
2021-05-06,12:12:19,KRW-XRP,limit,2080.0,bid,1781.7321555,3706002.0,
2021-05-03,12:53:50,KRW-XRP,limit,1905.0,ask,760.45627376,1448669.0,
2021-04-25,21:49:52,KRW-XRP,limit,1315.0,bid,760.45627376,999999.0,
2021-04-25,20:57:03,KRW-XRP,market,None,ask,1556.42023379,None,
2021-04-25,20:54:44,KRW-XRP,limit,1315.0,bid,1556.42023346,2046692.0,
2021-04-23,12:51:07,KRW-XRP,limit,1230.0,bid,2377.04918033,2923770.0,
2021-04-20,10:42:51,KRW-XRP,market,None,ask,424.828464,None,
2021-04-20,10:37:08,KRW-XRP,limit,1560.0,bid,151.85980707,236901.0,
2021-04-20,10:36:52,KRW-XRP,limit,1555.0,bid,272.96865594,424466.0,
2021-04-12,04:26:52,KRW-XRP,limit,1795.0,ask,386.21026565,693247.0,
2021-04-12,03:42:47,KRW-XRP,limit,1780.0,bid,386.21026565,687454.0,
2021-04-10,21:12:30,KRW-XRP,market,None,ask,472.1614,None,
2021-04-07,13:13:10,KRW-XRP,market,None,ask,1484.59928315,None,
2021-04-03,20:52:04,KRW-XRP,limit,788.0,ask,714.52180095,563043.0,
2021-04-01,23:03:43,KRW-XRP,limit,688.0,bid,567.32534895,390319.0,
2021-03-22,09:25:50,KRW-XRP,limit,590.0,ask,851.78875639,502555.0,
2021-03-22,03:07:19,KRW-XRP,limit,587.0,bid,851.78875639,500000.0,
2021-03-20,00:44:28,KRW-XRP,market,None,ask,426.22074072,None,
2021-03-19,00:15:58,KRW-XRP,market,None,ask,200.0,None,
2021-03-18,07:36:40,KRW-XRP,limit,546.0,bid,40.29304029,21999.0,
2021-03-18,00:04:36,KRW-XRP,market,None,ask,51.43393928,None,
2021-03-17,23:03:43,KRW-XRP,market,None,ask,325.74828214,None,
2021-03-17,18:31:08,KRW-XRP,limit,521.0,ask,183.6926403,95703.0,
2021-03-15,17:58:19,KRW-XRP,limit,496.0,bid,100.60362173,49899.0,
2021-01-02,23:01:49,KRW-XRP,limit,253.0,ask,97.45881783,24657.0,
2021-01-02,22:26:02,KRW-XRP,limit,253.0,ask,97.45881783,24657.0,
2021-01-02,15:11:29,KRW-XRP,limit,258.0,ask,194.91763565,50288.0,
2021-01-02,13:26:30,KRW-XRP,limit,258.0,bid,389.83527131,100577.0,
2021-01-02,12:53:19,KRW-XRP,limit,258.0,ask,203.1504065,52412.0,
2021-01-01,10:01:15,KRW-XRP,limit,246.0,bid,203.1504065,49974.0,
2017-12-13,17:17:37,KRW-XRP,limit,558.0,ask,30.0,16740.0,
2017-12-13,17:10:41,KRW-XRP,limit,557.0,bid,30.0,16710.0,
2021-05-26,15:28:31,KRW-ETC,limit,97610.0,ask,29.54413784,2883803.0,
2021-05-26,15:16:09,KRW-ETC,limit,96690.0,bid,29.54413784,2856622.0,
2021-05-13,12:53:46,KRW-ETC,market,None,ask,15.54001554,None,
2021-05-13,02:03:04,KRW-ETC,limit,128850.0,bid,15.54001554,2002331.0,
2021-05-10,16:08:21,KRW-ETC,limit,153300.0,ask,18.44413919,2827486.0,
2021-05-10,15:50:35,KRW-ETC,limit,155150.0,bid,18.44413919,2861608.0,
2021-05-04,12:52:27,KRW-ETC,market,None,ask,48.32085045,None,
2021-04-30,21:01:10,KRW-ETC,limit,41380.0,bid,48.32085045,1999516.0,
2021-04-27,12:05:49,KRW-ETC,market,None,ask,39.88187516,None,
2021-04-20,10:30:46,KRW-ETC,market,None,ask,34.84056357,None,
2021-03-25,04:11:12,KRW-ETC,limit,14930.0,ask,13.21877065,197356.0,
2021-03-25,01:56:23,KRW-ETC,limit,15140.0,bid,13.21877065,200132.0,
2021-03-25,01:37:09,KRW-ETC,limit,15080.0,ask,27.12805039,409090.0,
2021-03-24,23:35:39,KRW-ETC,limit,15080.0,bid,27.12805039,409090.0,
2018-02-21,16:08:20,KRW-ETC,limit,44950.0,ask,0.80366496,36124.0,
2018-02-20,11:55:53,KRW-ETC,limit,48100.0,ask,0.80366495,38656.0,
2018-02-19,00:43:58,KRW-ETC,limit,37130.0,bid,1.60732991,59680.0,
2018-02-18,22:37:30,KRW-ETC,limit,37050.0,ask,1.61240337,59739.0,
2018-02-18,22:25:14,KRW-ETC,limit,37170.0,bid,1.61240337,59933.0,
2018-02-18,15:27:35,KRW-ETC,limit,38000.0,ask,1.5787788,59993.0,
2018-02-18,15:22:07,KRW-ETC,limit,37980.0,bid,1.5787788,59962.0,
2018-02-18,00:21:22,KRW-ETC,limit,38370.0,ask,1.64929275,63283.0,
2018-02-17,18:10:43,KRW-ETC,limit,38330.0,bid,1.64929275,63217.0,
2018-02-17,12:32:25,KRW-ETC,limit,38590.0,ask,1.65923976,64030.0,
2018-02-17,02:53:19,KRW-ETC,limit,38540.0,bid,0.82880199,31942.0,
2018-02-16,22:34:16,KRW-ETC,limit,38570.0,bid,0.83043777,32029.0,
2018-02-16,17:00:57,KRW-ETC,limit,37050.0,ask,1.73163146,64156.0,
2018-02-12,23:38:49,KRW-ETC,limit,31130.0,bid,1.28413146,39975.0,
2018-01-20,03:54:32,KRW-ETC,limit,41820.0,bid,0.56699999,23711.0,
2018-01-20,03:53:19,KRW-ETC,limit,41820.0,bid,0.56700334,23712.0,
2017-12-12,10:29:13,KRW-ETC,limit,30580.0,ask,0.3627186,11091.0,
2017-12-12,02:51:39,KRW-ETC,limit,31450.0,bid,0.3627186,11407.0,
2017-12-12,02:41:36,KRW-ETC,limit,30950.0,ask,0.36157436,11190.0,
2017-12-12,02:20:24,KRW-ETC,limit,32180.0,bid,0.36157436,11635.0,
2021-10-05,21:54:07,KRW-OMG,market,None,ask,60.9374388,None,
2021-10-05,21:17:08,KRW-OMG,limit,19080.0,bid,15.73976915,300314.0,
2021-10-04,16:47:40,KRW-OMG,limit,20340.0,bid,9.83767831,200098.0,
2021-10-02,22:17:40,KRW-OMG,limit,18990.0,ask,21.0,398790.0,
2021-09-29,16:22:14,KRW-OMG,limit,11560.0,bid,56.35999134,651521.0,
2021-04-07,14:19:23,KRW-OMG,market,None,ask,70.60624142,None,
2021-04-07,04:58:48,KRW-OMG,market,None,ask,44.36150092,None,
2021-04-07,04:47:11,KRW-OMG,limit,12440.0,bid,44.36150092,551857.0,
2021-04-06,23:26:40,KRW-OMG,market,None,ask,187.80423971,None,
2021-04-06,18:05:35,KRW-OMG,limit,11200.0,bid,45.65226315,511305.0,
2021-04-01,15:01:23,KRW-OMG,limit,9215.0,ask,142.26868818,1311005.0,
2021-03-28,23:04:39,KRW-OMG,limit,6785.0,bid,25.56555178,173462.0,
2021-03-28,22:50:11,KRW-OMG,limit,6865.0,bid,116.7031364,801167.0,
2021-03-24,02:49:23,KRW-OMG,market,None,ask,74.73841555,None,
2021-03-24,02:22:16,KRW-OMG,limit,6695.0,bid,74.73841555,500373.0,
2021-03-20,22:26:31,KRW-OMG,market,None,ask,29.39048176,None,
2021-03-19,01:01:42,KRW-OMG,limit,6890.0,bid,8.72093023,60087.0,
2021-03-18,17:03:27,KRW-OMG,market,None,ask,20.66955153,None,
2021-03-17,16:42:10,KRW-OMG,limit,5970.0,bid,2.0,11940.0,
2018-02-17,16:04:24,KRW-OMG,limit,20020.0,ask,3.16350232,63333.0,
2018-02-17,13:39:35,KRW-OMG,limit,20220.0,bid,3.16350232,63966.0,
2018-01-23,22:18:47,KRW-OMG,limit,17930.0,ask,2.31338997,41479.0,
2018-01-23,22:17:44,KRW-OMG,limit,17990.0,bid,0.73765229,13270.0,
2018-01-23,11:14:42,KRW-OMG,limit,19300.0,bid,0.68696221,13258.0,
2018-01-22,02:45:29,KRW-OMG,limit,21150.0,bid,0.88877547,18797.0,
2018-01-22,02:45:16,KRW-OMG,limit,20990.0,ask,0.89645158,18816.0,
2018-01-20,14:18:16,KRW-OMG,limit,26450.0,bid,0.89645158,23711.0,
2018-01-03,21:53:17,KRW-OMG,limit,26670.0,ask,0.20842641,5558.0,
2018-01-03,19:30:54,KRW-OMG,limit,26610.0,bid,0.20842641,5546.0,
2017-12-05,11:10:33,KRW-OMG,limit,12250.0,ask,1.85491454,22722.0,
2021-05-08,23:32:32,KRW-SNT,limit,242.0,ask,10661.66542197,2580123.0,
2021-05-07,19:24:56,KRW-SNT,limit,267.0,bid,10661.66542197,2846664.0,
2021-03-19,11:34:45,KRW-SNT,market,None,ask,750.0,None,
2021-03-18,17:03:15,KRW-SNT,market,None,ask,750.0,None,
2021-03-18,07:36:17,KRW-SNT,limit,118.0,bid,1400.0,165200.0,
2021-03-17,16:41:16,KRW-SNT,limit,119.0,bid,100.0,11900.0,
2021-08-18,22:33:30,KRW-WAVES,market,None,ask,18.90359168,None,
2021-08-18,17:15:33,KRW-WAVES,limit,26790.0,ask,18.90359168,506427.0,
2021-08-18,16:32:59,KRW-WAVES,limit,26450.0,bid,37.80718336,999999.0,
2021-05-26,12:01:55,KRW-WAVES,limit,19400.0,ask,147.39591469,2859480.0,
2021-05-26,01:58:31,KRW-WAVES,limit,18330.0,bid,147.39591469,2701767.0,
2021-04-08,16:56:52,KRW-WAVES,market,None,ask,52.91196561,None,
2021-04-07,14:23:42,KRW-WAVES,limit,19260.0,bid,52.91196561,1019084.0,
2017-12-15,00:01:39,KRW-WAVES,limit,14010.0,ask,1.1,15411.0,
2017-12-14,18:12:13,KRW-WAVES,limit,14940.0,ask,1.1,16434.0,
2017-12-14,16:00:41,KRW-WAVES,limit,15040.0,bid,2.2,33088.0,
2021-07-31,03:46:42,KRW-XEM,limit,191.0,ask,5335.88896341,1019154.0,
2021-07-30,14:39:32,KRW-XEM,limit,191.0,ask,7812.5,1492187.0,
2021-07-30,01:37:44,KRW-XEM,limit,190.0,bid,13148.38896341,2498193.0,
2021-04-01,19:33:22,KRW-XEM,limit,445.0,ask,1459.5283186,649490.0,
2021-04-01,16:38:28,KRW-XEM,limit,444.0,bid,729.3988141,323853.0,
2021-04-01,16:35:55,KRW-XEM,limit,444.0,bid,730.1295045,324177.0,
2021-03-24,02:22:32,KRW-XEM,market,None,ask,585.48009368,None,
2021-03-24,02:05:22,KRW-XEM,limit,427.0,bid,585.48009368,250000.0,
2021-03-19,11:34:38,KRW-XEM,market,None,ask,180.33940774,None,
2018-02-17,18:00:34,KRW-XEM,limit,662.0,ask,95.59021394,63280.0,
2018-02-17,17:14:45,KRW-XEM,limit,663.0,bid,95.59021394,63376.0,
2018-02-07,22:15:22,KRW-XEM,limit,615.0,ask,60.63197909,37288.0,
2018-02-07,22:08:41,KRW-XEM,limit,610.0,bid,60.63197909,36985.0,
2017-12-09,18:25:18,KRW-XEM,limit,509.0,ask,29.49897262,15014.0,
2017-12-09,14:14:45,KRW-XEM,limit,686.0,bid,13.79927113,9466.0,
2017-12-09,14:13:40,KRW-XEM,limit,670.0,bid,15.69970149,10518.0,
2017-12-09,14:12:22,KRW-XEM,limit,500.0,ask,57.78238341,28891.0,
2017-12-09,12:51:02,KRW-XEM,limit,700.0,ask,57.78238341,40447.0,
2017-12-09,02:49:41,KRW-XEM,limit,460.0,ask,50.0,23000.0,
2017-12-09,02:36:22,KRW-XEM,limit,471.0,bid,120.0,56520.0,
2017-12-09,02:21:58,KRW-XEM,limit,440.0,bid,26.18707865,11522.0,
2017-12-09,02:14:22,KRW-XEM,limit,470.0,ask,19.37768817,9107.0,
2017-12-09,02:11:45,KRW-XEM,limit,515.0,ask,38.75537634,19959.0,
2017-12-09,01:56:21,KRW-XEM,limit,375.0,bid,47.51075268,17816.0,
2017-12-09,01:41:17,KRW-XEM,limit,338.0,bid,30.0,10140.0,
2017-12-06,00:53:17,KRW-XEM,limit,354.0,ask,20.0,7080.0,
2017-12-05,17:56:05,KRW-XEM,limit,342.0,ask,61.9,21169.0,
2021-04-22,16:52:06,KRW-QTUM,market,None,ask,22.99118537,None,
2021-04-22,13:41:16,KRW-QTUM,limit,18650.0,bid,22.99118537,428785.0,
2021-04-21,01:46:44,KRW-QTUM,market,None,ask,32.08888627,None,
2021-04-20,17:36:52,KRW-QTUM,limit,21280.0,bid,32.08888627,682851.0,
2021-04-18,14:37:39,KRW-QTUM,market,None,ask,26.40339249,None,
2021-04-15,14:50:34,KRW-QTUM,market,None,ask,26.40339249,None,
2021-04-15,14:29:26,KRW-QTUM,limit,19450.0,ask,52.80678497,1027091.0,
2021-04-15,14:19:22,KRW-QTUM,limit,19480.0,ask,46.20123203,899999.0,
2021-04-15,13:09:20,KRW-QTUM,limit,19800.0,bid,119.43548427,2364822.0,
2021-04-15,04:02:26,KRW-QTUM,market,None,ask,32.37931771,None,
2021-04-15,04:00:40,KRW-QTUM,market,None,ask,64.75863542,None,
2021-04-13,18:54:28,KRW-QTUM,market,None,ask,129.51727084,None,
2021-04-10,14:15:58,KRW-QTUM,market,None,ask,37.51815354,None,
2021-04-10,00:19:35,KRW-QTUM,market,None,ask,72.82935687,None,
2021-04-09,20:34:25,KRW-QTUM,limit,20330.0,ask,34.41494592,699655.0,
2021-04-09,20:20:47,KRW-QTUM,limit,20340.0,ask,34.41494592,700000.0,
2021-04-03,20:12:26,KRW-QTUM,limit,13230.0,ask,76.45259938,1011467.0,
2021-04-03,12:05:24,KRW-QTUM,limit,13100.0,bid,76.45259938,1001529.0,
2017-12-10,02:52:05,KRW-QTUM,limit,13440.0,ask,0.5,6720.0,
2017-12-09,23:06:43,KRW-QTUM,limit,14150.0,bid,0.5,7075.0,
2021-10-10,13:06:18,KRW-LSK,limit,5295.0,ask,155.03875969,820930.0,
2021-10-08,21:32:39,KRW-LSK,limit,5160.0,bid,155.03875969,800000.0,
2021-08-01,09:27:03,KRW-LSK,limit,4500.0,ask,529.78030605,2384011.0,
2021-08-01,08:58:53,KRW-LSK,limit,3695.0,bid,529.78030605,1957538.0,
2021-04-09,21:02:03,KRW-LSK,limit,8975.0,ask,227.67642543,2043395.0,
2021-03-24,00:32:03,KRW-LSK,market,None,ask,49.71002485,None,
2018-02-18,03:05:01,KRW-LSK,limit,37340.0,ask,1.60743426,60021.0,
2018-02-18,00:22:31,KRW-LSK,limit,39330.0,bid,1.60743426,63220.0,
2018-02-11,01:15:12,KRW-LSK,limit,30470.0,ask,1.31324548,40014.0,
2018-02-09,23:45:09,KRW-LSK,limit,29420.0,bid,1.31324548,38635.0,
2018-02-08,20:20:13,KRW-LSK,limit,24900.0,ask,1.4803934,36861.0,
2018-02-08,17:52:08,KRW-LSK,limit,24700.0,bid,1.4803934,36565.0,
2017-12-28,11:11:59,KRW-LSK,limit,30870.0,ask,1.03376529,31912.0,
2017-12-25,17:18:37,KRW-LSK,limit,32320.0,bid,1.03376529,33411.0,
2021-04-27,12:08:04,KRW-STEEM,limit,1070.0,ask,1000.10001,1070107.0,
2021-04-26,15:56:53,KRW-STEEM,limit,1015.0,bid,495.04950495,502475.0,
2021-04-26,12:00:22,KRW-STEEM,market,None,ask,505.05050505,None,
2021-04-25,21:46:22,KRW-STEEM,limit,995.0,bid,1010.1010101,1005050.0,
2021-04-04,11:33:31,KRW-STEEM,limit,1385.0,ask,716.53353859,992398.0,
2021-04-02,14:08:04,KRW-STEEM,market,None,ask,716.53353859,None,
2021-04-01,19:34:21,KRW-STEEM,limit,1440.0,bid,450.58373591,648840.0,
2021-04-01,11:53:56,KRW-STEEM,limit,1435.0,bid,692.05745559,993102.0,
2021-03-31,23:44:22,KRW-STEEM,limit,1550.0,ask,550.13490451,852709.0,
2021-03-26,15:33:56,KRW-STEEM,limit,825.0,ask,60.60606061,50000.0,
2021-03-25,21:44:44,KRW-STEEM,limit,747.0,bid,587.59504685,438933.0,
2021-03-25,11:10:50,KRW-STEEM,limit,746.0,bid,201.07238606,150000.0,
2018-02-17,02:31:19,KRW-STEEM,limit,4865.0,ask,6.59053823,32062.0,
2018-02-17,01:16:25,KRW-STEEM,limit,4865.0,bid,6.59053823,32062.0,
2018-02-07,19:14:41,KRW-STEEM,limit,4210.0,ask,8.73246332,36763.0,
2018-02-07,18:53:21,KRW-STEEM,limit,4195.0,bid,8.73246332,36632.0,
2018-02-07,18:23:02,KRW-STEEM,limit,4150.0,ask,8.83610952,36669.0,
2018-02-07,18:22:14,KRW-STEEM,limit,4170.0,bid,8.83610952,36846.0,
2018-02-07,18:21:36,KRW-STEEM,limit,4145.0,ask,8.89821433,36883.0,
2018-02-07,18:14:55,KRW-STEEM,limit,4130.0,bid,8.89821433,36749.0,
2018-01-20,01:12:14,KRW-STEEM,limit,6750.0,ask,3.67726574,24821.0,
2018-01-20,00:46:54,KRW-STEEM,limit,6510.0,bid,3.67726574,23938.0,
2017-12-16,00:36:10,KRW-STEEM,limit,2260.0,ask,6.36481759,14384.0,
2017-12-15,16:13:54,KRW-STEEM,limit,2250.0,bid,6.36481759,14320.0,
2021-05-18,21:27:16,KRW-XLM,limit,832.0,ask,2307.89131647,1920165.0,
2021-05-18,20:42:49,KRW-XLM,limit,852.0,ask,3525.26439483,3003525.0,
2021-05-18,19:21:15,KRW-XLM,limit,830.0,bid,5833.1557113,4841519.0,
2021-04-15,03:27:23,KRW-XLM,market,None,ask,732.40484849,None,
2021-04-15,03:05:25,KRW-XLM,market,None,ask,732.40484848,None,
2021-04-14,00:51:29,KRW-XLM,market,None,ask,1464.80969696,None,
2021-04-13,16:12:27,KRW-XLM,market,None,ask,6069.04447115,None,
2021-04-13,16:10:21,KRW-XLM,market,None,ask,6111.8455462,None,
2021-01-07,15:01:20,KRW-XLM,market,None,ask,753.8,None,
2021-01-07,13:58:12,KRW-XLM,price,305289.0,bid,None,None,
2017-12-25,17:10:32,KRW-XLM,limit,312.0,ask,214.03616681,66779.0,
2017-12-25,17:10:25,KRW-XLM,limit,313.0,bid,160.15634355,50128.0,
2017-12-15,09:34:10,KRW-XLM,limit,217.0,ask,80.60553056,17491.0,
2017-12-15,00:02:17,KRW-XLM,limit,192.0,bid,80.60553056,15476.0,
2017-12-06,10:06:57,KRW-XLM,limit,145.0,ask,80.0,11600.0,
2021-08-07,10:22:20,KRW-ARDR,limit,286.0,ask,3533.56890459,1010600.0,
2021-08-06,15:02:36,KRW-ARDR,limit,283.0,bid,3533.56890459,999999.0,
2021-04-30,20:59:01,KRW-ARDR,limit,449.0,ask,1174.64497839,527415.0,
2021-04-30,20:58:37,KRW-ARDR,limit,450.0,ask,1174.6449784,528590.0,
2021-04-30,19:43:35,KRW-ARDR,limit,452.0,bid,2349.28995679,1061879.0,
2021-04-28,12:29:31,KRW-ARDR,limit,465.0,ask,4400.58352414,2046271.0,
2021-04-28,10:02:42,KRW-ARDR,limit,477.0,bid,2096.4360587,999999.0,
2021-04-28,00:02:18,KRW-ARDR,limit,438.0,bid,2304.14746544,1009216.0,
2021-01-07,19:48:37,KRW-ARDR,limit,98.2,ask,2617.68137254,257056.0,
2021-01-07,19:32:54,KRW-ARDR,limit,102.0,bid,2617.68137254,267003.0,
2018-01-22,15:45:34,KRW-ARDR,limit,1525.0,ask,17.48203389,26660.0,
2018-01-22,02:42:10,KRW-ARDR,limit,1355.0,bid,17.48203389,23688.0,
2018-01-20,01:39:57,KRW-ARDR,limit,1905.0,ask,24.01094513,45740.0,
2018-01-19,23:03:51,KRW-ARDR,limit,1995.0,ask,24.01094512,47901.0,
2018-01-19,17:19:43,KRW-ARDR,limit,1745.0,bid,11.46131805,19999.0,
2018-01-18,20:58:42,KRW-ARDR,limit,1835.0,bid,10.88828882,19980.0,
2017-12-28,19:52:06,KRW-ARDR,limit,2190.0,ask,5.0,10950.0,
2017-12-28,12:17:10,KRW-ARDR,limit,1950.0,bid,8.27329924,16132.0,
2017-12-28,11:22:00,KRW-ARDR,limit,1970.0,bid,8.01407035,15787.0,
2017-12-25,17:12:47,KRW-ARDR,limit,2315.0,bid,14.38491379,33301.0,
2017-12-25,17:06:40,KRW-ARDR,limit,2335.0,ask,6.06465326,14160.0,
2017-12-25,03:12:42,KRW-ARDR,limit,2290.0,bid,6.06465326,13888.0,
2017-12-25,03:12:37,KRW-ARDR,limit,2285.0,ask,6.05757727,13841.0,
2017-12-24,13:10:49,KRW-ARDR,limit,2470.0,bid,6.05757727,14962.0,
2017-12-17,21:03:12,KRW-ARDR,limit,1090.0,ask,13.8175056,15061.0,
2017-12-17,21:00:25,KRW-ARDR,limit,1085.0,bid,6.87306116,7457.0,
2017-12-17,20:59:55,KRW-ARDR,limit,1085.0,bid,6.94444444,7534.0,
2017-12-16,01:06:46,KRW-ARDR,limit,1030.0,ask,21.0,21630.0,
2017-12-15,16:13:00,KRW-ARDR,limit,1010.0,ask,10.0,10100.0,
2017-12-15,11:32:24,KRW-ARDR,limit,997.0,ask,5.0,4985.0,
2017-12-15,11:15:48,KRW-ARDR,limit,1010.0,bid,6.0,6060.0,
2017-12-15,10:25:50,KRW-ARDR,limit,1015.0,bid,30.0,30450.0,
2017-12-14,18:11:45,KRW-ARDR,limit,1075.0,ask,12.97516379,13948.0,
2017-12-14,16:51:26,KRW-ARDR,limit,1090.0,bid,12.97516379,14142.0,
2017-12-14,13:02:46,KRW-ARDR,limit,1090.0,ask,34.67934279,37800.0,
2017-12-13,12:17:39,KRW-ARDR,limit,1055.0,bid,34.67934279,36586.0,
2017-12-13,12:12:17,KRW-ARDR,limit,1065.0,ask,34.38851674,36623.0,
2017-12-13,12:03:01,KRW-ARDR,limit,1060.0,bid,34.38851674,36451.0,
2017-12-13,11:51:09,KRW-ARDR,limit,1020.0,ask,33.82526315,34501.0,
2017-12-13,10:47:02,KRW-ARDR,limit,1015.0,bid,33.82526315,34332.0,
2017-12-13,10:40:35,KRW-ARDR,limit,922.0,ask,32.0,29504.0,
2017-12-13,02:10:13,KRW-ARDR,limit,1030.0,bid,32.0,32960.0,
2017-12-13,01:41:43,KRW-ARDR,limit,1035.0,ask,40.2766006,41686.0,
2017-12-12,23:11:23,KRW-ARDR,limit,1090.0,ask,13.0,14170.0,
2017-12-12,23:10:33,KRW-ARDR,limit,130.0,ask,12.0,1560.0,
2017-12-12,13:59:04,KRW-ARDR,limit,797.0,ask,15.0,11955.0,
2017-12-12,11:49:04,KRW-ARDR,limit,770.0,bid,60.0,46200.0,
2017-12-12,11:19:56,KRW-ARDR,limit,771.0,ask,60.0,46260.0,
2017-12-12,11:15:39,KRW-ARDR,limit,778.0,bid,60.0,46680.0,
2017-12-12,10:28:58,KRW-ARDR,limit,810.0,ask,23.50545171,19039.0,
2017-12-11,11:37:10,KRW-ARDR,limit,640.0,bid,23.50545171,15043.0,
2017-12-10,02:52:40,KRW-ARDR,limit,572.0,ask,15.32695086,8767.0,
2017-12-09,22:28:31,KRW-ARDR,limit,645.0,ask,60.0,38700.0,
2017-12-09,16:20:02,KRW-ARDR,limit,691.0,bid,35.32695086,24410.0,
2017-12-09,12:52:46,KRW-ARDR,limit,708.0,bid,40.0,28320.0,
2017-12-08,16:53:47,KRW-ARDR,limit,702.0,ask,25.97239509,18232.0,
2017-12-08,12:19:22,KRW-ARDR,limit,686.0,ask,25.97239508,17817.0,
2017-12-07,03:10:40,KRW-ARDR,limit,687.0,bid,23.86887951,16397.0,
2017-12-07,03:10:25,KRW-ARDR,limit,688.0,ask,20.0,13760.0,
2021-04-10,01:25:18,KRW-ARK,market,None,ask,885.42733814,None,
2021-04-10,01:00:42,KRW-ARK,limit,4020.0,bid,312.81778607,1257527.0,
2021-04-01,23:03:14,KRW-STORJ,market,None,ask,93.4712359,None,
2021-04-01,22:44:56,KRW-STORJ,limit,4355.0,ask,87.75981524,382193.0,
2021-04-01,15:16:34,KRW-STORJ,limit,3600.0,bid,181.23105114,652431.0,
2021-03-24,01:24:11,KRW-STORJ,market,None,ask,182.04888731,None,
2021-03-24,00:56:11,KRW-STORJ,market,None,ask,186.33540372,None,
2018-01-01,21:18:00,KRW-STORJ,limit,3235.0,ask,1.7639665,5706.0,
2018-01-01,17:24:04,KRW-STORJ,limit,3300.0,bid,1.7639665,5821.0,
2017-12-06,15:57:47,KRW-STORJ,limit,1240.0,ask,8.0,9920.0,
2017-12-06,12:23:23,KRW-STORJ,limit,1205.0,bid,8.0,9640.0,
2021-08-08,18:02:46,KRW-GRS,limit,967.0,ask,496.33819454,479959.0,
2021-08-08,11:51:13,KRW-GRS,limit,967.0,ask,496.33819453,479959.0,
2021-08-07,20:06:30,KRW-GRS,limit,990.0,bid,992.67638907,982749.0,
2021-04-25,15:14:18,KRW-GRS,limit,1445.0,ask,694.44444444,1003472.0,
2021-04-25,14:31:35,KRW-GRS,limit,1435.0,bid,694.44444444,996527.0,
2021-04-10,02:40:30,KRW-GRS,market,None,ask,1117.83484087,None,
2021-04-03,20:53:47,KRW-GRS,limit,1710.0,ask,606.06060606,1036363.0,
2021-04-03,11:24:08,KRW-GRS,limit,1645.0,bid,606.06060606,996969.0,
2021-04-03,02:37:50,KRW-GRS,limit,1540.0,ask,1641.72143465,2528251.0,
2021-04-03,00:32:11,KRW-GRS,limit,1525.0,ask,131.14754098,199999.0,
2021-04-02,23:22:59,KRW-GRS,limit,1470.0,bid,658.32653061,967739.0,
2021-04-02,23:22:08,KRW-GRS,limit,1470.0,bid,182.87863945,268831.0,
2017-12-06,18:35:05,KRW-GRS,limit,1470.0,ask,6.65103689,9777.0,
2017-12-06,17:20:20,KRW-GRS,limit,1490.0,bid,6.65103689,9910.0,
2021-04-28,09:24:37,KRW-REP,limit,45200.0,ask,10.12070108,457455.0,
2021-04-27,23:53:06,KRW-REP,limit,42920.0,bid,23.29916123,999999.0,
2021-10-03,23:43:07,KRW-ADA,limit,2765.0,ask,358.29226618,990678.0,
2021-10-03,23:07:55,KRW-ADA,limit,2780.0,bid,358.29226618,996052.0,
2021-05-20,22:34:57,KRW-ADA,limit,2305.0,ask,664.74676221,1532241.0,
2021-05-20,22:31:14,KRW-ADA,limit,2310.0,ask,664.7467622,1535565.0,
2021-05-20,22:22:03,KRW-ADA,limit,2360.0,bid,212.31422505,501061.0,
2021-05-20,22:18:34,KRW-ADA,limit,2380.0,bid,1117.17929936,2658886.0,
2021-05-20,09:21:11,KRW-ADA,market,None,ask,462.96296296,None,
2021-05-20,01:22:11,KRW-ADA,limit,2160.0,bid,462.96296296,999999.0,
2021-05-20,01:00:44,KRW-ADA,limit,2155.0,ask,1168.22429907,2517523.0,
2021-05-20,00:56:02,KRW-ADA,limit,2150.0,bid,1168.22429907,2511682.0,
2021-03-28,04:11:37,KRW-ADA,limit,1410.0,ask,203.87765301,287467.0,
2021-03-27,05:23:17,KRW-ADA,limit,1470.0,bid,203.87765301,299700.0,
2021-01-09,09:13:22,KRW-ADA,limit,355.0,ask,636.16360866,225838.0,
2021-01-09,08:34:42,KRW-ADA,limit,351.0,ask,636.16360865,223293.0,
2021-01-09,08:23:40,KRW-ADA,limit,355.0,bid,633.14539913,224766.0,
2021-01-09,08:21:37,KRW-ADA,limit,352.0,bid,639.18181818,224991.0,
2018-01-05,15:04:48,KRW-ADA,limit,1715.0,bid,30.30554693,51974.0,
2017-12-15,21:53:07,KRW-ADA,limit,240.0,ask,46.29437177,11110.0,
2017-12-12,22:27:35,KRW-ADA,limit,134.0,ask,80.0,10720.0,
2017-12-11,22:00:12,KRW-ADA,limit,131.0,bid,80.0,10480.0,
2017-12-08,16:53:36,KRW-ADA,limit,143.0,ask,121.91164691,17433.0,
2017-12-08,12:19:30,KRW-ADA,limit,146.0,bid,121.91164691,17799.0,
2017-12-06,12:10:01,KRW-ADA,limit,151.0,ask,143.0228282,21596.0,
2017-12-05,11:11:05,KRW-ADA,limit,159.0,bid,143.0228282,22740.0,
2021-04-03,04:01:54,KRW-SBD,limit,12330.0,ask,211.35209882,2605971.0,
2021-05-21,09:29:50,KRW-POWR,limit,342.0,ask,10397.6772997,3556005.0,
2021-05-21,08:37:33,KRW-POWR,limit,337.0,bid,10397.6772997,3504017.0,
2018-02-07,19:22:00,KRW-POWR,limit,690.0,ask,52.92166596,36515.0,
2018-02-07,19:19:39,KRW-POWR,limit,694.0,bid,52.92166596,36727.0,
2017-12-15,10:25:21,KRW-POWR,limit,790.0,ask,37.13967309,29340.0,
2017-12-14,18:12:33,KRW-POWR,limit,820.0,bid,20.02169646,16417.0,
2017-12-14,18:11:53,KRW-POWR,limit,814.0,bid,17.11797663,13934.0,
2017-12-13,17:10:21,KRW-POWR,limit,621.0,ask,56.95844888,35371.0,
2017-12-13,13:02:22,KRW-POWR,limit,612.0,bid,56.95844888,34858.0,
2017-12-06,13:03:10,KRW-POWR,limit,829.0,ask,11.91737323,9879.0,
2021-08-15,16:13:36,KRW-BTG,market,None,ask,8.11554333,None,
2021-08-14,23:47:54,KRW-BTG,limit,72950.0,bid,8.11554333,592028.0,
2021-04-10,14:52:01,KRW-BTG,market,None,ask,31.1152502,None,
2021-03-30,20:15:58,KRW-BTG,limit,42680.0,ask,10.10830436,431422.0,
2021-03-30,20:14:13,KRW-BTG,limit,42600.0,ask,10.10830436,430613.0,
2021-03-28,22:44:32,KRW-BTG,limit,39590.0,bid,8.08080808,319919.0,
2021-03-25,04:12:40,KRW-BTG,limit,40200.0,ask,11.00136573,442254.0,
2021-03-25,02:24:55,KRW-BTG,limit,40050.0,bid,11.00136573,440604.0,
2021-10-10,15:52:45,KRW-ICX,limit,2670.0,bid,187.2659176,499999.0,
2021-10-10,13:48:59,KRW-ICX,limit,2670.0,bid,41.19850187,109999.0,
2021-10-10,13:07:05,KRW-ICX,limit,2685.0,bid,520.94325276,1398732.0,
2021-10-06,16:26:10,KRW-ICX,limit,2570.0,ask,400.33022696,1028848.0,
2021-10-06,14:44:27,KRW-ICX,limit,2605.0,bid,116.27906977,302906.0,
2021-10-05,21:17:59,KRW-ICX,limit,2780.0,bid,90.25270758,250902.0,
2021-10-04,18:06:37,KRW-ICX,limit,2615.0,ask,193.79844961,506782.0,
2021-10-04,16:39:57,KRW-ICX,limit,2580.0,bid,387.59689922,999999.0,
2021-10-04,12:23:32,KRW-ICX,limit,2555.0,ask,350.24331984,894871.0,
2021-10-04,03:54:43,KRW-ICX,limit,2625.0,bid,188.3,494287.0,
2021-10-02,22:24:25,KRW-ICX,limit,2480.0,bid,161.94331984,401619.0,
2021-03-24,03:18:15,KRW-ICX,market,None,ask,133.63028953,None,
2021-10-03,23:04:12,KRW-EOS,limit,5800.0,ask,171.59716251,995263.0,
2021-10-03,22:54:04,KRW-EOS,limit,5815.0,bid,171.59716251,997837.0,
2021-10-03,22:07:41,KRW-EOS,market,None,ask,134.39582292,None,
2021-10-03,21:49:04,KRW-EOS,limit,5760.0,bid,134.39582292,774119.0,
2021-08-28,14:44:21,KRW-EOS,market,None,ask,35.53778666,None,
2021-08-27,11:48:56,KRW-EOS,limit,5625.0,bid,35.53778666,199900.0,
2021-08-20,11:32:42,KRW-EOS,limit,6155.0,ask,84.60236886,520727.0,
2021-08-18,18:36:23,KRW-EOS,limit,5910.0,bid,84.60236886,499999.0,
2021-08-11,18:59:05,KRW-EOS,limit,5455.0,ask,195.69471624,1067514.0,
2021-08-08,11:52:19,KRW-EOS,limit,5110.0,bid,195.69471624,999999.0,
2021-08-06,14:59:54,KRW-EOS,limit,4825.0,ask,209.42408376,1010471.0,
2021-08-05,14:54:08,KRW-EOS,limit,4775.0,bid,209.42408376,999999.0,
2021-08-05,08:06:33,KRW-EOS,limit,4725.0,ask,317.70149555,1501139.0,
2021-08-02,23:53:05,KRW-EOS,limit,4745.0,bid,105.37407797,499999.0,
2021-07-31,19:39:59,KRW-EOS,limit,4705.0,bid,212.32741758,999000.0,
2021-07-31,12:04:17,KRW-EOS,limit,4745.0,ask,227.23788272,1078243.0,
2021-07-31,04:02:58,KRW-EOS,limit,4495.0,bid,227.23788272,1021434.0,
2021-07-30,14:02:32,KRW-EOS,limit,4540.0,ask,397.69843533,1805550.0,
2021-07-30,01:37:26,KRW-EOS,limit,4475.0,ask,335.19553073,1500000.0,
2021-06-02,22:31:20,KRW-EOS,limit,7455.0,bid,401.56997289,2993704.0,
2021-05-28,01:15:33,KRW-EOS,limit,8700.0,bid,331.32399317,2882518.0,
2021-05-27,21:06:09,KRW-EOS,market,None,ask,333.29147465,None,
2021-05-27,10:04:48,KRW-EOS,limit,7600.0,ask,191.04247611,1451922.0,
2021-05-27,03:10:27,KRW-EOS,limit,7555.0,ask,191.0424761,1443325.0,
2021-05-27,03:09:22,KRW-EOS,limit,7540.0,bid,382.08495221,2880920.0,
2021-05-23,02:17:58,KRW-EOS,limit,6100.0,ask,151.97568389,927051.0,
2021-05-23,02:17:01,KRW-EOS,limit,6560.0,bid,151.97568389,996960.0,
2021-05-20,09:21:26,KRW-EOS,market,None,ask,59.52380952,None,
2021-05-20,01:33:13,KRW-EOS,limit,8425.0,bid,59.52380952,501488.0,
2021-05-19,02:37:39,KRW-EOS,limit,11500.0,ask,174.82517483,2010489.0,
2021-05-19,01:51:43,KRW-EOS,limit,11500.0,bid,174.82517483,2010489.0,
2021-05-19,01:12:14,KRW-EOS,market,None,ask,351.80299033,None,
2021-05-19,01:01:50,KRW-EOS,limit,11460.0,bid,351.80299033,4031662.0,
2021-05-18,21:27:56,KRW-EOS,limit,11820.0,ask,206.05265957,2435542.0,
2021-05-18,19:50:03,KRW-EOS,limit,11770.0,ask,206.05265957,2425239.0,
2021-05-18,14:46:08,KRW-EOS,limit,11740.0,bid,412.10531914,4838116.0,
2021-05-17,00:22:48,KRW-EOS,limit,12690.0,ask,222.77862782,2827060.0,
2021-05-17,00:14:08,KRW-EOS,limit,12840.0,ask,222.77862782,2860477.0,
2021-05-17,00:10:52,KRW-EOS,limit,12840.0,bid,155.64202335,1998443.0,
2021-05-16,16:48:10,KRW-EOS,limit,13260.0,bid,289.91523229,3844275.0,
2021-05-16,01:06:02,KRW-EOS,market,None,ask,150.48546293,None,
2021-05-16,01:04:06,KRW-EOS,limit,13450.0,ask,451.45638878,6072088.0,
2021-05-15,21:16:37,KRW-EOS,limit,13110.0,ask,208.52262528,2733731.0,
2021-05-15,20:10:24,KRW-EOS,limit,13050.0,bid,153.13935681,1998468.0,
2021-05-15,19:10:56,KRW-EOS,limit,13090.0,ask,263.90589374,3454528.0,
2021-05-13,21:37:48,KRW-EOS,limit,13540.0,bid,166.01728677,2247874.0,
2021-05-13,16:03:43,KRW-EOS,limit,13830.0,bid,361.79450072,5003617.0,
2021-05-13,12:49:49,KRW-EOS,limit,13500.0,ask,200.0,2700000.0,
2021-05-13,02:03:42,KRW-EOS,limit,15490.0,bid,50.0,774500.0,
2021-05-13,01:49:25,KRW-EOS,limit,15400.0,bid,150.0,2310000.0,
2021-05-12,22:23:49,KRW-EOS,limit,15380.0,ask,500.90993243,7703994.0,
2021-05-12,19:04:27,KRW-EOS,limit,16380.0,ask,240.0,3931200.0,
2021-05-12,00:34:47,KRW-EOS,market,None,ask,745.77092078,None,
2021-05-12,00:33:13,KRW-EOS,limit,14770.0,bid,745.77092078,11015036.0,
2021-05-12,00:32:29,KRW-EOS,market,None,ask,750.97106339,None,
2021-05-12,00:26:52,KRW-EOS,limit,14670.0,bid,750.97106339,11016745.0,
2021-05-11,19:48:20,KRW-EOS,limit,11470.0,ask,472.17929577,5415896.0,
2021-05-06,15:02:28,KRW-EOS,limit,10770.0,bid,232.30761592,2501953.0,
2021-05-04,23:13:56,KRW-EOS,market,None,ask,359.4701363,None,
2021-05-04,18:12:45,KRW-EOS,limit,8125.0,bid,128.91117518,1047403.0,
2021-05-04,16:36:52,KRW-EOS,limit,7995.0,ask,153.70597408,1228879.0,
2021-05-04,14:47:13,KRW-EOS,limit,7895.0,bid,129.97377182,1026142.0,
2021-05-04,14:45:54,KRW-EOS,limit,7855.0,bid,254.29116338,1997457.0,
2021-05-04,12:52:16,KRW-EOS,market,None,ask,332.72770375,None,
2021-05-04,03:03:50,KRW-EOS,limit,8225.0,bid,170.64379664,1403545.0,
2021-05-04,03:01:56,KRW-EOS,limit,8210.0,bid,43.31257026,355596.0,
2021-05-04,02:49:13,KRW-EOS,limit,8235.0,bid,118.77133685,978081.0,
2021-03-25,04:10:52,KRW-EOS,limit,5080.0,ask,59.5665251,302597.0,
2021-03-25,04:09:50,KRW-EOS,limit,5080.0,ask,59.5665251,302597.0,
2021-03-25,01:38:33,KRW-EOS,limit,5085.0,bid,39.29273084,199803.0,
2021-03-24,22:28:23,KRW-EOS,limit,5010.0,bid,79.84031936,399999.0,
2021-03-23,09:04:48,KRW-EOS,market,None,ask,53.32740238,None,
2021-03-17,23:03:59,KRW-EOS,market,None,ask,46.4458494,None,
2021-03-17,18:30:35,KRW-EOS,market,None,ask,23.0,None,
2021-03-15,17:58:48,KRW-EOS,limit,4385.0,bid,11.40250855,49999.0,
2021-01-02,23:02:06,KRW-EOS,limit,2910.0,ask,24.92958477,72545.0,
2021-01-02,16:21:11,KRW-EOS,limit,2890.0,bid,24.92958477,72046.0,
2021-08-28,14:44:31,KRW-TRX,limit,103.0,bid,2021.56203451,208220.0,
2021-08-26,10:41:51,KRW-TRX,limit,102.0,bid,4632.71305523,472536.0,
2021-08-25,17:53:12,KRW-TRX,market,None,ask,4949.74430094,None,
2021-08-25,11:28:10,KRW-TRX,limit,101.0,bid,34352.96213279,3469649.0,
2021-08-23,22:10:59,KRW-TRX,limit,106.0,bid,9433.96226415,999999.0,
2021-05-16,20:40:56,KRW-TRX,limit,156.0,ask,19680.70282477,3070189.0,
2021-05-16,16:48:39,KRW-TRX,limit,156.0,ask,9615.38461538,1499999.0,
2021-05-16,16:27:00,KRW-TRX,limit,156.0,ask,9765.36248005,1523396.0,
2021-05-16,16:23:35,KRW-TRX,limit,156.0,ask,39061.4499202,6093586.0,
2021-05-16,14:08:18,KRW-TRX,limit,155.0,bid,78122.8998404,12109049.0,
2021-05-11,19:48:46,KRW-TRX,limit,163.0,ask,11230.33988623,1830545.0,
2021-05-10,12:29:03,KRW-TRX,limit,178.0,bid,11230.33988623,1999000.0,
2021-04-06,14:36:57,KRW-TRX,limit,180.0,ask,14094.22477311,2536960.0,
2021-04-06,04:31:31,KRW-TRX,market,None,ask,14094.22477311,None,
2021-04-06,04:18:39,KRW-TRX,limit,192.0,bid,20527.99121272,3941374.0,
2021-04-01,22:45:23,KRW-TRX,limit,111.0,bid,3439.74859417,381812.0,
2021-03-23,09:36:02,KRW-TRX,market,None,ask,3669.17216987,None,
2021-03-19,12:12:27,KRW-TRX,limit,62.9,bid,3980.89171975,250398.0,
2021-03-17,18:12:34,KRW-TRX,limit,61.9,bid,1615.5088853,100000.0,
2021-02-25,02:08:42,KRW-TRX,limit,53.5,ask,33685.0409588,1802149.0,
2021-02-05,16:07:42,KRW-TRX,limit,36.3,bid,15143.94317992,549725.0,
2021-01-12,13:56:35,KRW-TRX,limit,33.0,bid,6066.06060606,200179.0,
2021-01-12,03:01:33,KRW-TRX,limit,31.5,bid,24982.30249954,786942.0,
2021-01-11,01:42:36,KRW-TRX,limit,36.7,bid,5679.29155313,208429.0,
2021-10-06,02:00:20,KRW-SC,limit,27.6,ask,32608.56006105,899996.0,
2021-10-06,00:54:32,KRW-SC,limit,21.6,ask,13888.88888889,300000.0,
2021-10-05,22:29:13,KRW-SC,limit,21.5,bid,46497.44894994,999695.0,
2021-08-08,11:50:49,KRW-SC,market,None,ask,24875.62189055,None,
2021-08-07,20:02:00,KRW-SC,limit,20.1,bid,24875.62189055,500000.0,
2021-04-10,02:32:37,KRW-SC,market,None,ask,34465.8556701,None,
2021-04-10,02:03:54,KRW-SC,limit,38.8,bid,34465.8556701,1337275.0,
2021-01-08,04:11:23,KRW-SC,market,None,ask,85056.77677893,None,
2021-01-08,04:01:32,KRW-SC,limit,5.22,bid,21881.93181818,114223.0,
2021-01-08,01:29:55,KRW-SC,limit,5.64,bid,22012.24778761,124149.0,
2021-01-08,00:15:01,KRW-SC,limit,5.59,bid,41162.59717314,230098.0,
2021-08-23,22:43:24,KRW-ONT,limit,1375.0,ask,869.56521739,1195652.0,
2021-08-13,15:30:33,KRW-ONT,limit,1155.0,bid,869.56521739,1004347.0,
2021-04-30,20:58:03,KRW-ONT,limit,2025.0,ask,278.68992447,564347.0,
2021-04-29,18:34:11,KRW-ONT,limit,2010.0,ask,278.68992447,560166.0,
2021-04-27,23:16:04,KRW-ONT,market,None,ask,557.37984893,None,
2021-04-26,15:56:01,KRW-ONT,limit,1835.0,bid,544.95912807,1000000.0,
2021-04-26,11:59:46,KRW-ONT,limit,1770.0,ask,569.8005698,1008547.0,
2021-04-25,21:47:25,KRW-ONT,limit,1765.0,bid,1139.6011396,2011396.0,
2021-04-23,04:15:49,KRW-ONT,market,None,ask,502.1868959,None,
2021-04-20,09:45:07,KRW-ONT,limit,2340.0,bid,288.85106382,675911.0,
2021-04-18,21:15:56,KRW-ONT,limit,2400.0,bid,213.33583208,512005.0,
2021-04-18,14:37:28,KRW-ONT,market,None,ask,206.18556701,None,
2021-04-15,14:52:24,KRW-ONT,limit,2425.0,bid,206.18556701,499999.0,
2021-04-13,14:55:23,KRW-ONT,market,None,ask,2139.89606912,None,
2021-04-12,23:52:54,KRW-ONT,limit,2405.0,bid,279.43367193,672037.0,
2021-04-07,04:58:53,KRW-ONT,market,None,ask,624.53907082,None,
2021-04-05,13:10:14,KRW-ONT,market,None,ask,280.37383178,None,
2021-04-05,03:57:52,KRW-ONT,limit,2145.0,bid,280.37383178,601401.0,
2021-04-01,11:52:25,KRW-ONT,limit,2225.0,ask,446.78490711,994096.0,
2021-03-30,20:18:27,KRW-ONT,limit,1925.0,bid,223.89169051,430991.0,
2021-03-30,20:14:52,KRW-ONT,limit,1930.0,bid,222.8932166,430183.0,
2021-03-23,09:04:31,KRW-POLY,market,None,ask,412.19033603,None,
2021-03-22,16:36:14,KRW-POLY,limit,671.0,bid,296.2962963,198814.0,
2021-04-10,14:21:34,KRW-ZRX,market,None,ask,533.20018646,None,
2021-04-09,20:35:27,KRW-ZRX,limit,2605.0,bid,268.31344404,698956.0,
2021-10-07,21:54:44,KRW-LOOM,limit,137.0,ask,8488.71101898,1162953.0,
2021-10-07,12:31:55,KRW-LOOM,limit,137.0,bid,2941.17647059,402941.0,
2021-10-06,22:16:18,KRW-LOOM,limit,130.0,ask,7692.30769231,1000000.0,
2021-10-06,16:27:57,KRW-LOOM,limit,132.0,bid,5263.15789474,694736.0,
2021-10-06,11:06:06,KRW-LOOM,limit,139.0,bid,3597.12230216,500000.0,
2021-10-06,10:57:27,KRW-LOOM,limit,137.0,bid,4379.5620438,600000.0,
2021-05-22,12:00:58,KRW-LOOM,market,None,ask,1893.93939394,None,
2021-05-22,11:59:32,KRW-LOOM,limit,155.0,ask,1893.93939393,293560.0,
2021-05-22,09:57:26,KRW-LOOM,limit,132.0,bid,3787.87878787,499999.0,
2021-04-03,12:04:50,KRW-LOOM,market,None,ask,4854.31141868,None,
2021-04-03,10:52:41,KRW-LOOM,limit,289.0,bid,4854.31141868,1402895.0,
2021-04-02,14:45:09,KRW-LOOM,market,None,ask,10459.78188382,None,
2021-04-02,14:09:39,KRW-LOOM,limit,279.0,bid,2646.92026746,738490.0,
2021-04-02,14:08:20,KRW-LOOM,limit,279.0,bid,3613.40118471,1008138.0,
2021-01-08,13:27:44,KRW-LOOM,limit,58.8,ask,10379.52624376,610316.0,
2021-01-08,13:21:54,KRW-LOOM,limit,58.1,bid,10379.52624376,603050.0,
2021-05-27,21:47:39,KRW-BCH,limit,913900.0,ask,1.57054376,1435319.0,
2021-05-27,21:39:26,KRW-BCH,limit,923200.0,bid,1.57054376,1449925.0,
2021-05-16,05:49:05,KRW-BCH,limit,1499500.0,ask,8.08797816,12127923.0,
2021-05-16,04:19:59,KRW-BCH,limit,1501000.0,ask,4.93509722,7407580.0,
2021-05-16,03:30:14,KRW-BCH,limit,1517000.0,bid,8.14521941,12356297.0,
2021-05-12,00:06:10,KRW-BCH,limit,1768000.0,ask,6.2231979,11002613.0,
2021-05-11,23:57:21,KRW-BCH,market,None,ask,6.28070274,None,
2021-05-11,23:50:48,KRW-BCH,limit,1751000.0,bid,6.28070274,10997510.0,
2021-05-07,00:31:49,KRW-BCH,limit,1725500.0,ask,2.10539965,3632867.0,
2021-05-06,12:11:55,KRW-BCH,limit,1766000.0,ask,2.10539965,3718135.0,
2021-05-05,15:32:49,KRW-BCH,limit,1330000.0,bid,0.75109062,998950.0,
2021-05-05,15:21:48,KRW-BCH,limit,1352000.0,bid,0.2961866,400444.0,
2021-05-05,12:49:19,KRW-BCH,limit,1370000.0,bid,1.6820406,2304395.0,
2021-05-05,12:41:30,KRW-BCH,limit,1345500.0,bid,1.48148148,1993333.0,
2021-05-05,01:44:11,KRW-BCH,market,None,ask,3.48735472,None,
2021-05-05,01:02:23,KRW-BCH,limit,1200000.0,bid,0.84388186,1012658.0,
2021-05-05,01:01:28,KRW-BCH,limit,1185000.0,bid,0.84388186,1000000.0,
2021-05-05,00:47:17,KRW-BCH,limit,1217000.0,bid,1.799591,2190102.0,
2021-05-04,23:13:51,KRW-BCH,market,None,ask,5.22012059,None,
2021-05-04,18:12:07,KRW-BCH,limit,1217500.0,bid,1.97368421,2402960.0,
2021-05-04,16:36:28,KRW-BCH,limit,1201000.0,ask,2.16429091,2599313.0,
2021-05-04,14:46:31,KRW-BCH,limit,1191500.0,bid,1.68208579,2004205.0,
2021-05-04,14:43:16,KRW-BCH,limit,1193000.0,bid,3.7286415,4448269.0,
2021-05-04,12:57:01,KRW-BCH,limit,1168500.0,ask,2.24774375,2626488.0,
2021-05-04,12:52:52,KRW-BCH,market,None,ask,2.24774374,None,
2021-05-03,14:05:37,KRW-BCH,limit,1207500.0,bid,0.80833747,976067.0,
2021-05-03,12:57:04,KRW-BCH,limit,1204500.0,bid,0.7165716,863110.0,
2021-04-30,20:59:54,KRW-BCH,limit,1085000.0,bid,0.18441678,200092.0,
2021-04-29,18:36:11,KRW-BCH,limit,1055000.0,bid,0.75865339,800379.0,
2021-04-28,12:42:42,KRW-BCH,limit,1050000.0,bid,0.47664442,500476.0,
2021-04-26,15:56:22,KRW-BCH,limit,978900.0,bid,0.76538422,749234.0,
2021-04-26,11:59:59,KRW-BCH,market,None,ask,0.7854796,None,
2021-04-25,22:55:21,KRW-BCH,limit,957100.0,bid,0.52241145,499999.0,
2021-04-25,21:46:37,KRW-BCH,limit,955400.0,bid,1.04854776,1001782.0,
2021-04-23,16:05:40,KRW-BCH,limit,867700.0,ask,1.96228449,1702674.0,
2021-04-23,15:43:28,KRW-BCH,limit,877500.0,bid,1.50890648,1324065.0,
2021-04-23,04:15:39,KRW-BCH,market,None,ask,1.62948569,None,
2021-04-22,17:27:14,KRW-BCH,limit,1070000.0,bid,0.40097708,429045.0,
2021-04-21,19:08:46,KRW-BCH,limit,1172000.0,bid,1.22850861,1439812.0,
2021-04-20,09:23:21,KRW-BCH,market,None,ask,0.62054086,None,
2021-04-20,09:21:04,KRW-BCH,market,None,ask,0.62054086,None,
2021-04-15,14:54:04,KRW-BCH,limit,1029000.0,bid,0.97382115,1002061.0,
2018-02-07,16:42:42,KRW-BCH,limit,1033500.0,ask,0.0194608,20112.0,
2018-02-07,13:43:09,KRW-BCH,limit,1005500.0,ask,0.01617266,16261.0,
2017-12-05,18:19:15,KRW-BCH,limit,1848000.0,bid,0.00571954,10569.0,
2021-03-15,17:51:32,KRW-IOST,market,None,ask,5017.57153552,None,
2021-03-15,01:53:50,KRW-IOST,limit,50.5,ask,5017.57153551,253387.0,
2021-03-14,22:14:07,KRW-IOST,limit,49.7,bid,10035.14307103,498746.0,
2021-04-10,00:19:09,KRW-RFR,market,None,ask,27887.33606557,None,
2021-04-09,22:08:28,KRW-RFR,limit,36.5,ask,27887.33606557,1017887.0,
2021-04-02,14:06:48,KRW-RFR,market,None,ask,18149.35732647,None,
2021-03-28,20:33:36,KRW-RFR,limit,33.5,ask,8942.04683372,299558.0,
2021-03-27,04:32:55,KRW-RFR,limit,33.6,bid,8942.04683372,300452.0,
2021-01-08,14:12:13,KRW-RFR,limit,4.68,ask,65456.88559322,306338.0,
2021-01-08,14:10:50,KRW-RFR,limit,4.72,bid,65456.88559322,308956.0,
2021-08-13,15:27:32,KRW-CVC,market,None,ask,2730.66625673,None,
2021-08-12,14:31:52,KRW-CVC,limit,356.0,bid,1408.45070422,501408.0,
2021-08-10,21:03:02,KRW-CVC,limit,390.0,ask,1322.21555251,515664.0,
2021-08-10,21:01:58,KRW-CVC,limit,357.0,bid,1316.52661064,469999.0,
2021-08-10,20:27:18,KRW-CVC,limit,356.0,bid,1327.90449438,472733.0,
2021-01-09,09:13:00,KRW-CVC,limit,196.0,ask,1028.5054517,201587.0,
2021-01-09,09:12:06,KRW-CVC,limit,203.0,bid,1028.5054517,208786.0,
2021-01-08,22:15:06,KRW-CVC,limit,199.0,ask,967.11104755,192455.0,
2021-01-08,21:25:41,KRW-CVC,limit,203.0,bid,423.99137931,86070.0,
2021-01-08,21:03:32,KRW-CVC,limit,210.0,bid,543.11966824,114055.0,
2021-01-08,02:04:51,KRW-CVC,limit,183.0,ask,755.24723756,138210.0,
2021-01-08,01:10:59,KRW-CVC,limit,175.0,bid,755.24723756,132168.0,
2021-01-07,23:53:09,KRW-CVC,limit,184.0,ask,1679.23137911,308978.0,
2021-01-07,23:40:47,KRW-CVC,limit,166.0,ask,2518.84706866,418128.0,
2021-01-07,22:29:51,KRW-CVC,limit,157.0,bid,1063.42675159,166957.0,
2021-01-07,20:52:48,KRW-CVC,limit,169.0,ask,1044.88389872,176585.0,
2021-01-07,20:52:13,KRW-CVC,limit,155.0,bid,1300.44010252,201568.0,
2021-01-07,20:01:56,KRW-CVC,limit,173.0,ask,959.69849746,166027.0,
2021-01-07,19:50:21,KRW-CVC,limit,164.0,bid,1565.84512621,256798.0,
2021-01-07,19:32:08,KRW-CVC,market,None,ask,1489.63182133,None,
2021-01-07,19:29:21,KRW-CVC,limit,176.0,ask,1489.63182132,262175.0,
2021-01-07,18:48:20,KRW-CVC,limit,161.0,bid,1092.41459627,175878.0,
2021-01-07,18:39:32,KRW-CVC,limit,159.0,ask,1886.84904637,300008.0,
2021-01-07,18:17:44,KRW-CVC,limit,150.0,ask,1257.89936424,188684.0,
2021-01-07,17:25:55,KRW-CVC,limit,131.0,bid,1642.54198473,215172.0,
2021-01-07,15:56:45,KRW-CVC,limit,144.0,ask,1129.68515742,162674.0,
2021-01-07,15:07:09,KRW-CVC,limit,142.0,bid,4518.74062968,641661.0,
2021-01-07,15:04:44,KRW-CVC,market,None,ask,4720.62992285,None,
2021-01-07,15:02:43,KRW-CVC,limit,141.0,bid,2195.05141046,309502.0,
2021-01-07,13:41:05,KRW-CVC,limit,121.0,bid,2525.57851239,305594.0,
2021-05-22,09:02:48,KRW-IQ,market,None,ask,13550.3531432,None,
2021-05-22,08:35:49,KRW-IQ,limit,18.5,ask,29729.72972972,549999.0,
2021-05-22,08:03:41,KRW-IQ,limit,18.1,bid,43280.08287292,783369.0,
2021-05-15,09:27:49,KRW-IQ,market,None,ask,161145.0309328,None,
2021-05-14,20:37:00,KRW-IQ,limit,23.2,bid,161145.0309328,3738564.0,
2021-01-02,16:17:42,KRW-IQ,limit,6.31,ask,456.34355331,2879.0,
2021-01-02,16:12:54,KRW-IQ,limit,6.27,bid,11562.84329563,72499.0,
2021-01-08,14:33:35,KRW-ONG,limit,240.0,ask,1270.63429752,304952.0,
2021-01-08,14:14:16,KRW-ONG,limit,242.0,bid,1270.63429752,307493.0,
2021-08-12,10:49:50,KRW-GAS,market,None,ask,0.49014047,None,
2021-08-12,10:49:37,KRW-GAS,limit,10960.0,bid,0.456621,5004.0,
2021-04-12,03:42:34,KRW-GAS,market,None,ask,37.50095369,None,
2021-04-10,21:13:07,KRW-GAS,limit,18930.0,bid,37.50095369,709893.0,
2021-08-02,08:44:41,KRW-UPP,market,None,ask,4939.07275217,None,
2021-08-02,08:36:56,KRW-UPP,limit,215.0,ask,4939.07275218,1061900.0,
2021-08-02,00:22:29,KRW-UPP,limit,207.0,bid,2415.45893719,499999.0,
2021-08-01,22:33:20,KRW-UPP,limit,201.0,bid,7462.68656716,1499999.0,
2021-04-04,23:26:21,KRW-UPP,market,None,ask,1400.56022409,None,
2021-04-04,20:58:58,KRW-UPP,market,None,ask,1400.56022409,None,
2021-04-04,15:01:07,KRW-UPP,limit,358.0,bid,2801.12044818,1002801.0,
2021-03-28,22:41:26,KRW-UPP,limit,287.0,ask,2439.94711678,700264.0,
2021-03-27,05:22:26,KRW-UPP,limit,270.0,ask,1111.11111111,299999.0,
2021-03-26,23:48:34,KRW-UPP,limit,264.0,ask,1136.36363636,299999.0,
2021-03-26,13:49:21,KRW-UPP,limit,261.0,bid,1531.80114923,399800.0,
2021-03-25,08:57:00,KRW-UPP,limit,274.0,bid,1094.89051095,300000.0,
2021-03-24,05:20:43,KRW-UPP,market,None,ask,1430.55333333,None,
2021-03-24,04:31:28,KRW-UPP,limit,300.0,bid,2861.10666666,858331.0,
2021-08-01,22:32:50,KRW-KNC,limit,1865.0,ask,1103.59096297,2058197.0,
2021-07-31,22:16:27,KRW-KNC,limit,1865.0,ask,268.09651475,500000.0,
2021-07-31,21:40:38,KRW-KNC,limit,1860.0,bid,784.67580645,1459496.0,
2021-07-31,12:05:05,KRW-KNC,limit,1835.0,bid,587.01167127,1077166.0,
2021-07-08,21:19:45,KRW-BSV,limit,170050.0,ask,4.53309157,770852.0,
2021-05-28,09:02:47,KRW-BSV,limit,219550.0,ask,4.53309157,995240.0,
2021-05-28,01:37:16,KRW-BSV,limit,220600.0,bid,9.06618314,2000000.0,
2021-05-16,01:05:57,KRW-BSV,market,None,ask,5.17461201,None,
2021-05-15,19:11:39,KRW-BSV,limit,402400.0,ask,5.174612,2082263.0,
2021-05-14,20:36:40,KRW-BSV,limit,403750.0,ask,2.47862189,1000743.0,
2021-05-13,19:11:25,KRW-BSV,limit,403050.0,bid,5.58412655,2250682.0,
2021-05-13,16:03:06,KRW-BSV,limit,414450.0,ask,21.23295934,8799999.0,
2021-05-13,15:04:46,KRW-BSV,limit,415500.0,bid,45.37824228,18854659.0,
2021-05-13,12:54:03,KRW-BSV,market,None,ask,3.37268128,None,
2021-05-13,01:50:31,KRW-BSV,limit,446000.0,bid,3.37268128,1504215.0,
2021-05-12,00:09:21,KRW-BSV,market,None,ask,12.39881682,None,
2021-05-12,00:02:06,KRW-BSV,limit,443300.0,bid,12.39881682,5496395.0,
2021-05-11,19:48:59,KRW-BSV,limit,426250.0,ask,11.90510462,5074550.0,
2021-05-10,16:28:05,KRW-BSV,limit,450150.0,bid,6.27492984,2824659.0,
2021-05-05,15:46:39,KRW-BSV,limit,444500.0,bid,5.63017478,2502612.0,
2021-04-07,13:26:30,KRW-BSV,market,None,ask,5.05871519,None,
2021-03-23,09:04:24,KRW-QKC,market,None,ask,5177.62427531,None,
2021-04-09,17:06:26,KRW-BTT,limit,12.1,ask,93246.35759043,1128280.0,
2021-04-08,13:15:15,KRW-BTT,limit,10.4,bid,93246.35759043,969762.0,
2021-04-01,11:43:59,KRW-BTT,limit,5.97,ask,74183.20542698,442873.0,
2021-03-26,23:48:45,KRW-BTT,limit,4.04,bid,74183.20542698,299700.0,
2021-03-25,09:02:41,KRW-BTT,market,None,ask,75607.92171685,None,
2021-03-25,09:02:18,KRW-BTT,market,None,ask,75607.92171686,None,
2021-03-25,01:39:11,KRW-BTT,limit,4.03,bid,24875.62189055,100248.0,
2021-03-24,15:23:51,KRW-BTT,limit,3.74,bid,53475.93582888,200000.0,
2021-03-23,09:04:16,KRW-BTT,market,None,ask,61603.43980343,None,
2021-03-20,22:57:14,KRW-BTT,market,None,ask,263877.0,None,
2021-03-20,22:37:46,KRW-BTT,price,1055508.0,bid,None,None,
2021-04-08,04:33:23,KRW-ENJ,market,None,ask,296.85976331,None,
2021-03-20,22:27:18,KRW-ENJ,market,None,ask,69.77188644,None,
2021-03-19,23:41:52,KRW-ENJ,limit,3025.0,bid,34.05884297,103027.0,
2021-03-15,17:46:17,KRW-ENJ,market,None,ask,94.88091603,None,
2021-01-08,13:38:48,KRW-ENJ,limit,248.0,ask,2492.83113545,618222.0,
2021-01-08,13:35:42,KRW-ENJ,limit,245.0,bid,2492.83113545,610743.0,
2021-08-24,23:03:58,KRW-TFUEL,limit,402.0,ask,2439.02439025,980487.0,
2021-08-24,22:53:33,KRW-TFUEL,limit,404.0,ask,2439.02439024,985365.0,
2021-08-24,21:06:45,KRW-TFUEL,limit,411.0,bid,4878.04878049,2004878.0,
2021-04-09,20:04:31,KRW-TFUEL,market,None,ask,4270.9558084,None,
2021-04-09,18:46:21,KRW-TFUEL,limit,482.0,bid,4270.9558084,2058600.0,
2021-08-24,01:02:14,KRW-MANA,limit,1030.0,ask,622.19177896,640857.0,
2021-08-24,00:59:59,KRW-MANA,limit,1025.0,ask,622.19177895,637746.0,
2021-08-08,01:41:50,KRW-MANA,limit,868.0,ask,11.52073733,10000.0,
2021-08-06,10:45:37,KRW-MANA,limit,838.0,ask,595.94755661,499404.0,
2021-08-04,12:35:37,KRW-MANA,limit,809.0,bid,1851.85185185,1498148.0,
2021-08-01,11:54:58,KRW-MANA,limit,852.0,ask,2215.47559419,1887585.0,
2021-08-01,11:49:26,KRW-MANA,limit,856.0,ask,584.79532163,500584.0,
2021-08-01,10:41:14,KRW-MANA,limit,851.0,bid,1398.6120923,1190218.0,
2021-08-01,10:40:21,KRW-MANA,limit,850.0,bid,1401.65882352,1191409.0,
2021-05-05,12:30:22,KRW-MANA,limit,1640.0,ask,1875.0,3075000.0,
2021-05-05,03:43:45,KRW-MANA,limit,1630.0,bid,1875.0,3056250.0,
2021-05-03,12:59:29,KRW-MANA,limit,1700.0,ask,641.12354036,1089910.0,
2021-04-29,18:34:32,KRW-MANA,limit,1730.0,bid,115.60693642,200000.0,
2021-04-28,13:02:15,KRW-MANA,limit,1625.0,bid,123.45679012,200617.0,
2021-04-27,23:15:02,KRW-MANA,limit,1490.0,bid,336.7003367,501683.0,
2021-04-27,21:30:16,KRW-MANA,limit,1530.0,bid,65.35947712,99999.0,
2021-04-20,09:40:07,KRW-MANA,market,None,ask,484.93838429,None,
2021-04-15,14:51:58,KRW-MANA,limit,1400.0,bid,357.14285714,499999.0,
2021-04-02,20:43:37,KRW-MANA,limit,1275.0,ask,710.48285381,905865.0,
2021-04-02,19:25:15,KRW-MANA,limit,1260.0,bid,710.48285381,895208.0,
2021-05-03,12:56:49,KRW-ANKR,limit,209.0,ask,1332.13186153,278415.0,
2021-04-30,21:02:19,KRW-ANKR,limit,193.0,bid,1332.13186153,257101.0,
2021-04-18,14:37:22,KRW-ANKR,market,None,ask,1476.35541835,None,
2021-04-15,23:30:45,KRW-ANKR,limit,203.0,bid,1476.35541835,299700.0,
2021-04-02,23:19:10,KRW-ANKR,limit,219.0,ask,12281.55730264,2689661.0,
2021-04-02,23:11:40,KRW-ANKR,limit,222.0,bid,6095.93401497,1353297.0,
2021-04-02,23:05:07,KRW-ANKR,limit,219.0,bid,6185.62328767,1354651.0,
2021-03-24,04:25:28,KRW-ANKR,market,None,ask,13418.14503816,None,
2021-03-24,03:59:43,KRW-ANKR,market,None,ask,13746.36951885,None,
2021-03-22,03:17:57,KRW-ANKR,market,None,ask,971.14317425,None,
2021-03-22,01:29:54,KRW-ANKR,market,None,ask,971.14317425,None,
2021-03-22,01:29:08,KRW-ANKR,market,None,ask,1942.2863485,None,
2021-08-08,18:03:05,KRW-AERGO,limit,228.0,ask,2293.57798165,522935.0,
2021-08-05,10:27:06,KRW-AERGO,limit,218.0,bid,2293.57798165,499999.0,
2021-03-17,16:33:53,KRW-AERGO,market,None,ask,433.18315996,None,
2021-03-17,14:07:13,KRW-AERGO,market,None,ask,433.18315996,None,
2021-03-17,06:06:12,KRW-AERGO,market,None,ask,288.7887733,None,
2021-03-16,13:48:56,KRW-AERGO,limit,389.0,bid,559.62250237,217693.0,
2021-03-16,12:09:00,KRW-AERGO,market,None,ask,595.53259084,None,
2021-03-16,01:59:56,KRW-AERGO,limit,336.0,bid,1191.06518169,400197.0,
2021-10-07,21:55:33,KRW-ATOM,limit,43450.0,ask,12.20702892,530395.0,
2021-10-07,13:07:34,KRW-ATOM,limit,41630.0,bid,1.20279047,50072.0,
2021-10-07,09:38:25,KRW-ATOM,limit,41410.0,ask,24.99830182,1035179.0,
2021-10-07,09:36:05,KRW-ATOM,limit,41570.0,bid,13.51289714,561731.0,
2021-10-07,00:24:35,KRW-ATOM,limit,43490.0,bid,11.48540468,499500.0,
2021-08-07,10:47:00,KRW-TT,limit,12.7,ask,39682.53968254,503968.0,
2021-08-07,10:32:26,KRW-TT,limit,12.7,bid,39682.53968254,503968.0,
2021-04-12,23:52:40,KRW-CRE,market,None,ask,19843.9748607,None,
2021-04-12,04:52:17,KRW-CRE,limit,34.9,bid,19843.9748607,692554.0,
2021-04-02,21:04:46,KRW-CRE,market,None,ask,62486.14224137,None,
2021-04-02,14:09:32,KRW-CRE,market,None,ask,17111.78929296,None,
2021-04-01,23:24:20,KRW-CRE,limit,41.3,ask,17111.78929295,706716.0,
2021-04-01,11:46:36,KRW-CRE,limit,43.9,bid,18076.04170579,793538.0,
2021-03-31,15:51:15,KRW-CRE,limit,39.9,ask,3107.76942356,124000.0,
2021-03-28,22:41:55,KRW-CRE,limit,29.1,ask,10309.27835052,300000.0,
2021-03-26,15:31:52,KRW-CRE,limit,27.9,ask,8960.5734767,249999.0,
2021-03-26,04:26:48,KRW-CRE,limit,27.0,ask,7407.40740741,200000.0,
2021-03-25,21:46:34,KRW-CRE,limit,26.2,bid,16736.44093983,438494.0,
2021-03-25,09:51:03,KRW-CRE,limit,27.2,bid,7352.94117647,199999.0,
2021-03-24,15:23:09,KRW-CRE,market,None,ask,4057.39494163,None,
2021-03-21,02:46:39,KRW-CRE,market,None,ask,29135.14211886,None,
2021-03-20,00:44:01,KRW-CRE,market,None,ask,5791.50579151,None,
2021-03-19,09:57:17,KRW-CRE,market,None,ask,1930.5019305,None,
2021-03-19,00:57:57,KRW-CRE,limit,26.0,bid,7722.00772201,200772.0,
2021-08-08,11:50:33,KRW-MBL,market,None,ask,47169.81132075,None,
2021-08-07,20:03:14,KRW-MBL,limit,10.7,bid,47169.81132075,504716.0,
2021-04-10,01:55:57,KRW-MBL,limit,33.0,ask,101359.39209726,3344859.0,
2021-01-09,09:02:18,KRW-WAXP,limit,49.0,ask,4265.20965138,208995.0,
2021-01-09,08:35:02,KRW-WAXP,limit,52.3,bid,4265.20965138,223070.0,
2021-08-23,17:45:12,KRW-MED,limit,91.9,ask,5313.49628055,488310.0,
2021-08-23,13:37:58,KRW-MED,limit,94.3,bid,5313.49628055,501062.0,
2021-04-03,20:31:00,KRW-MED,limit,302.0,ask,3356.99924124,1013813.0,
2021-04-03,20:13:19,KRW-MED,limit,301.0,bid,3356.99924124,1010456.0,
2021-03-22,09:24:43,KRW-MED,market,None,ask,1769.91150442,None,
2021-03-22,00:24:52,KRW-MED,market,None,ask,4629.62962963,None,
2021-03-21,23:51:02,KRW-MED,limit,108.0,bid,4629.62962963,500000.0,
2021-03-20,22:48:03,KRW-MED,market,None,ask,1274.99115044,None,
2021-03-17,16:34:09,KRW-MED,market,None,ask,1869.39138577,None,
2021-03-17,06:03:08,KRW-MED,limit,52.5,ask,1869.39138576,98143.0,
2021-05-22,09:38:38,KRW-MLK,limit,1910.0,ask,404.3146214,772240.0,
2021-05-22,09:37:48,KRW-MLK,limit,1915.0,bid,404.3146214,774262.0,
2021-05-22,09:03:09,KRW-MLK,market,None,ask,289.85507246,None,
2021-05-22,02:25:15,KRW-MLK,limit,1720.0,bid,144.92753623,249275.0,
2021-05-22,02:25:09,KRW-MLK,limit,1725.0,bid,144.92753623,249999.0,
2021-03-20,00:43:24,KRW-STPT,market,None,ask,640.6430495,None,
2021-03-20,00:43:14,KRW-STPT,market,None,ask,1300.69952475,None,
2021-03-19,22:30:29,KRW-STPT,limit,101.0,bid,1941.34257425,196075.0,
2021-03-22,09:03:53,KRW-ORBS,market,None,ask,2066.11570247,None,
2021-03-22,03:16:58,KRW-ORBS,limit,242.0,bid,2066.11570247,499999.0,
2021-04-10,15:23:05,KRW-CHZ,limit,616.0,ask,4047.75568181,2493417.0,
2021-04-10,15:02:10,KRW-CHZ,limit,616.0,bid,4047.75568181,2493417.0,
2021-04-10,00:26:04,KRW-CHZ,market,None,ask,1596.73943543,None,
2021-04-09,22:10:20,KRW-CHZ,limit,638.0,bid,672.15138512,428832.0,
2021-04-09,18:00:49,KRW-CHZ,market,None,ask,2467.10526316,None,
2021-04-09,17:27:10,KRW-CHZ,limit,608.0,bid,2467.10526316,1500000.0,
2021-04-03,22:01:19,KRW-CHZ,limit,618.0,ask,1295.46758508,800598.0,
2021-04-03,20:55:01,KRW-CHZ,limit,617.0,bid,1295.46758508,799303.0,
2021-04-02,22:33:36,KRW-CHZ,market,None,ask,3170.99928641,None,
2021-04-02,21:25:27,KRW-CHZ,limit,631.0,bid,3170.99928641,2000900.0,
2021-03-28,04:11:58,KRW-CHZ,limit,604.0,ask,339.21918497,204888.0,
2021-03-26,04:27:46,KRW-CHZ,limit,589.0,bid,339.21918497,199800.0,
2021-01-08,04:59:51,KRW-CHZ,limit,22.1,ask,9245.90775247,204334.0,
2021-01-08,02:11:54,KRW-CHZ,limit,22.7,ask,11300.55391967,256522.0,
2021-01-07,23:46:35,KRW-CHZ,limit,23.0,bid,5085.16521739,116958.0,
2021-01-07,20:28:52,KRW-CHZ,limit,23.2,ask,8696.97925579,201769.0,
2021-01-07,20:10:07,KRW-CHZ,limit,23.2,bid,7190.5426597,166820.0,
2021-01-07,19:36:34,KRW-CHZ,limit,23.6,bid,16967.73305084,400438.0,
2021-03-21,01:30:18,KRW-STMX,market,None,ask,12699.02816348,None,
2021-03-20,23:57:24,KRW-STMX,limit,88.7,bid,12699.02816348,1126403.0,
2021-03-24,01:07:55,KRW-HIVE,market,None,ask,368.09815951,None,
2021-03-24,01:05:39,KRW-HIVE,limit,815.0,bid,368.09815951,300000.0,
2021-03-20,22:26:05,KRW-HIVE,market,None,ask,404.36707885,None,
2021-03-19,01:00:29,KRW-HIVE,limit,494.0,bid,141.70040486,70000.0,
2021-03-18,21:20:58,KRW-HIVE,market,None,ask,262.66667399,None,
2021-08-26,10:41:38,KRW-KAVA,market,None,ask,50.80663085,None,
2021-08-25,22:23:08,KRW-KAVA,limit,9365.0,bid,50.80663085,475804.0,
2021-03-25,01:29:42,KRW-KAVA,market,None,ask,40.19997605,None,
2021-03-24,05:55:56,KRW-KAVA,limit,6575.0,bid,40.19997605,264314.0,
2021-08-08,11:51:00,KRW-AHT,market,None,ask,41666.66666667,None,
2021-08-07,20:02:45,KRW-AHT,limit,12.0,bid,41666.66666667,500000.0,
2021-04-03,10:36:30,KRW-AHT,market,None,ask,5444.14168937,None,
2021-03-28,22:41:05,KRW-AHT,limit,24.1,ask,12264.68732846,295578.0,
2021-03-28,20:34:04,KRW-AHT,limit,24.4,bid,12264.68732846,299258.0,
2021-05-20,22:34:51,KRW-LINK,limit,40100.0,ask,24.74634992,992328.0,
2021-05-20,22:26:21,KRW-LINK,limit,40890.0,ask,24.74634991,1011878.0,
2021-05-20,22:19:09,KRW-LINK,limit,40630.0,bid,49.49269983,2010888.0,
2021-05-19,10:19:12,KRW-LINK,market,None,ask,38.27751196,None,
2021-05-19,04:26:49,KRW-LINK,limit,52270.0,bid,38.27751196,2000765.0,
2021-05-19,02:19:07,KRW-LINK,limit,50540.0,ask,59.42947702,3003565.0,
2021-05-19,01:38:47,KRW-LINK,limit,51040.0,bid,59.42947702,3033280.0,
2021-05-16,19:24:40,KRW-LINK,limit,54240.0,ask,49.15229477,2666020.0,
2021-05-16,18:30:47,KRW-LINK,limit,53600.0,bid,49.15229477,2634562.0,
2021-05-16,01:05:52,KRW-LINK,market,None,ask,26.96871629,None,
2021-05-15,19:14:48,KRW-LINK,limit,54980.0,ask,26.96871629,1482740.0,
2021-05-13,16:06:10,KRW-LINK,limit,55690.0,bid,53.93743258,3003775.0,
2021-05-13,12:53:54,KRW-LINK,market,None,ask,25.96952909,None,
2021-05-13,01:50:08,KRW-LINK,limit,58000.0,bid,25.96952909,1506232.0,
2021-05-12,18:39:07,KRW-LINK,limit,59280.0,ask,1.72890733,102489.0,
2021-05-12,02:02:19,KRW-LINK,limit,57850.0,bid,1.72890733,100017.0,
2021-05-11,19:49:31,KRW-LINK,limit,58240.0,ask,49.83841546,2902589.0,
2021-05-05,15:45:35,KRW-LINK,limit,61680.0,ask,16.23903865,1001623.0,
2021-05-05,15:20:00,KRW-LINK,limit,61160.0,ask,22.88329519,1399542.0,
2021-05-05,12:57:55,KRW-LINK,limit,61120.0,ask,32.72251309,2000000.0,
2021-05-05,02:32:43,KRW-LINK,limit,54000.0,bid,121.68326239,6570896.0,
2021-05-04,23:46:01,KRW-LINK,market,None,ask,246.88211224,None,
2021-05-04,23:09:51,KRW-LINK,market,None,ask,80.32239656,None,
2021-05-04,03:02:16,KRW-LINK,limit,49900.0,ask,28.15529791,1404949.0,
2021-04-29,18:35:32,KRW-LINK,limit,42680.0,bid,32.32607168,1379676.0,
2021-09-28,08:27:28,KRW-XTZ,market,None,ask,126.25264336,None,
2021-09-27,21:15:28,KRW-XTZ,limit,7520.0,bid,66.9758206,503658.0,
2021-09-26,18:28:59,KRW-XTZ,limit,8405.0,bid,59.27682276,498221.0,
2021-05-16,20:10:47,KRW-XTZ,limit,7460.0,ask,354.46869158,2644336.0,
2021-05-16,18:31:23,KRW-XTZ,limit,7425.0,bid,354.46869158,2631930.0,
2021-05-14,20:35:37,KRW-XTZ,limit,7750.0,ask,353.53535354,2739898.0,
2021-05-13,16:09:00,KRW-XTZ,limit,7905.0,bid,353.53535354,2794696.0,
2021-04-30,20:58:13,KRW-XTZ,limit,6325.0,ask,86.09224911,544533.0,
2021-04-27,23:17:04,KRW-XTZ,limit,6125.0,ask,86.0922491,527315.0,
2021-04-26,15:56:36,KRW-XTZ,limit,5925.0,bid,84.38818565,499999.0,
2021-04-26,12:00:36,KRW-XTZ,limit,5760.0,ask,87.79631255,505706.0,
2021-04-25,23:00:40,KRW-XTZ,limit,5695.0,bid,175.59262511,1000000.0,
2021-03-27,04:32:29,KRW-XTZ,limit,5000.0,ask,60.15063249,300753.0,
2021-03-26,15:35:23,KRW-XTZ,limit,4995.0,bid,10.000005,49950.0,
2021-03-26,15:33:25,KRW-XTZ,limit,4980.0,bid,50.15062749,249750.0,
2021-03-24,02:49:17,KRW-XTZ,market,None,ask,81.05369807,None,
2021-03-19,11:35:42,KRW-XTZ,market,None,ask,20.87585532,None,
2021-03-18,17:02:55,KRW-XTZ,market,None,ask,40.0,None,
2021-03-17,21:56:22,KRW-XTZ,limit,4570.0,bid,10.0,45700.0,
2021-03-17,16:39:20,KRW-XTZ,limit,4600.0,bid,2.0,9200.0,
2021-05-22,09:02:58,KRW-BORA,market,None,ask,1129.21821917,None,
2021-05-22,08:35:25,KRW-BORA,limit,253.0,ask,1976.28458498,499999.0,
2021-05-22,08:04:39,KRW-BORA,limit,252.0,bid,3105.50280415,782586.0,
2021-03-24,23:35:02,KRW-BORA,limit,371.0,ask,588.92445055,218490.0,
2021-03-24,15:23:18,KRW-BORA,market,None,ask,588.92445055,None,
2021-03-24,05:20:54,KRW-BORA,market,None,ask,1177.84890109,None,
2021-03-20,00:39:00,KRW-BORA,market,None,ask,872.12304647,None,
2021-03-19,22:31:25,KRW-BORA,limit,343.0,ask,356.21927249,122183.0,
2021-03-19,12:51:01,KRW-BORA,limit,341.0,bid,879.76539589,299999.0,
2021-09-15,10:40:52,KRW-JST,limit,108.0,ask,9086.36590795,981327.0,
2021-09-15,10:40:36,KRW-JST,limit,108.0,ask,9086.36590796,981327.0,
2021-09-15,00:22:32,KRW-JST,limit,110.0,bid,18172.73181591,1999000.0,
2021-09-13,16:27:49,KRW-JST,market,None,ask,11398.83277007,None,
2021-09-07,19:08:14,KRW-JST,limit,102.0,bid,1964.87050592,200416.0,
2021-09-07,01:00:13,KRW-JST,limit,106.0,bid,9433.96226415,999999.0,
2021-08-24,00:58:38,KRW-JST,limit,85.5,ask,7826.51376146,669166.0,
2021-08-23,22:43:38,KRW-JST,limit,87.2,bid,7826.51376146,682471.0,
2021-08-18,14:50:53,KRW-JST,limit,78.6,ask,12755.10204082,1002551.0,
2021-08-13,15:26:57,KRW-JST,limit,78.4,bid,12755.10204082,1000000.0,
2021-04-15,14:28:00,KRW-CRO,limit,298.0,ask,3201.84783933,954150.0,
2021-04-15,14:18:58,KRW-CRO,market,None,ask,3201.84783933,None,
2021-04-15,13:08:51,KRW-CRO,limit,303.0,bid,5333.33333333,1615999.0,
2021-04-15,04:02:34,KRW-CRO,market,None,ask,1070.36234533,None,
2021-04-15,04:01:14,KRW-CRO,market,None,ask,2140.72469065,None,
2021-04-14,00:52:13,KRW-CRO,limit,283.0,bid,4281.44938131,1211650.0,
2021-04-14,00:48:22,KRW-CRO,market,None,ask,8579.26785736,None,
2021-04-13,18:55:41,KRW-CRO,limit,287.0,bid,8579.26785736,2462249.0,
2021-04-06,04:08:29,KRW-CRO,market,None,ask,5094.39497938,None,
2021-04-06,00:42:17,KRW-CRO,limit,294.0,bid,5094.39497938,1497752.0,
2021-03-15,17:52:06,KRW-CRO,market,None,ask,581.39534883,None,
2021-03-15,17:46:39,KRW-CRO,limit,200.0,ask,581.39534884,116279.0,
2021-03-15,02:05:56,KRW-CRO,limit,216.0,bid,1162.79069767,251162.0,
2021-04-21,19:07:33,KRW-TON,limit,15670.0,ask,47.80440893,749095.0,
2021-04-20,18:48:23,KRW-TON,limit,14270.0,bid,47.80440893,682168.0,
2021-04-06,15:25:14,KRW-TON,market,None,ask,87.52444525,None,
2021-04-06,04:15:52,KRW-TON,market,None,ask,161.95657892,None,
2021-04-04,22:41:35,KRW-TON,limit,28110.0,bid,38.2294445,1074629.0,
2021-04-04,22:38:44,KRW-TON,limit,28020.0,bid,38.08533594,1067151.0,
2021-04-04,20:58:50,KRW-TON,market,None,ask,27.96712945,None,
2021-04-04,14:59:56,KRW-TON,limit,27190.0,bid,55.93425891,1520852.0,
2021-04-04,11:55:09,KRW-TON,market,None,ask,100.494795,None,
2021-03-25,01:29:47,KRW-TON,market,None,ask,25.07522568,None,
2021-03-24,15:22:14,KRW-TON,market,None,ask,25.07522567,None,
2021-10-03,22:53:46,KRW-SXP,limit,3010.0,ask,331.67342192,998336.0,
2021-10-03,22:31:17,KRW-SXP,limit,3010.0,bid,331.67342192,998336.0,
2021-03-23,01:24:57,KRW-SXP,market,None,ask,56.39913232,None,
2021-03-22,17:25:25,KRW-SXP,limit,4610.0,bid,56.39913232,259999.0,
2021-03-22,09:04:46,KRW-SXP,market,None,ask,78.71495091,None,
2021-03-22,03:19:00,KRW-SXP,limit,4450.0,bid,50.56179775,224999.0,
2021-03-22,01:29:47,KRW-SXP,market,None,ask,28.15315315,None,
2021-03-22,01:29:19,KRW-SXP,market,None,ask,56.3063063,None,
2021-03-21,23:56:18,KRW-SXP,limit,4440.0,bid,112.61261261,499999.0,
2021-03-20,22:25:59,KRW-SXP,market,None,ask,241.54265569,None,
2021-08-07,16:16:30,KRW-HUNT,limit,400.0,ask,1369.86301369,547945.0,
2021-08-05,14:29:29,KRW-HUNT,limit,365.0,bid,1369.86301369,499999.0,
2021-08-23,21:24:34,KRW-PLA,limit,1235.0,ask,450.39644679,556239.0,
2021-08-21,01:45:49,KRW-PLA,limit,1155.0,bid,450.39644679,520207.0,
2021-08-20,11:28:46,KRW-PLA,limit,1155.0,ask,440.52863436,508810.0,
2021-08-20,09:34:11,KRW-PLA,limit,1140.0,ask,440.52863436,502202.0,
2021-08-20,08:09:39,KRW-PLA,limit,1135.0,bid,881.05726872,999999.0,
2021-08-18,17:15:21,KRW-PLA,market,None,ask,434.7826087,None,
2021-08-18,15:12:28,KRW-PLA,limit,1140.0,ask,434.78260869,495652.0,
2021-08-18,13:24:09,KRW-PLA,limit,1155.0,bid,869.56521739,1004347.0,
2021-08-05,10:00:17,KRW-PLA,limit,1230.0,ask,411.52263374,506172.0,
2021-08-05,08:09:00,KRW-PLA,limit,1215.0,bid,411.52263374,499999.0,
2021-04-09,20:14:43,KRW-PLA,market,None,ask,2641.02531645,None,
2021-09-29,16:20:35,KRW-DOT,limit,33650.0,ask,8.36218308,281387.0,
2021-09-29,00:01:49,KRW-DOT,limit,33380.0,ask,8.36218307,279129.0,
2021-09-28,09:14:21,KRW-DOT,limit,34250.0,bid,5.85480093,200526.0,
2021-09-25,02:33:13,KRW-DOT,limit,36710.0,bid,10.86956522,399021.0,
2021-09-20,22:41:13,KRW-DOT,limit,34790.0,ask,5.81395349,202267.0,
2021-09-20,21:37:08,KRW-DOT,limit,34400.0,bid,5.81395349,200000.0,
2021-08-23,17:45:23,KRW-DOT,market,None,ask,22.77030327,None,
2021-08-23,13:47:47,KRW-DOT,limit,32930.0,bid,22.77030327,749826.0,
2021-05-22,09:04:02,KRW-DOT,market,None,ask,18.98133502,None,
2021-05-22,08:37:30,KRW-DOT,limit,31530.0,bid,18.98133502,598481.0,
2021-03-23,09:04:41,KRW-DOT,market,None,ask,14.24600005,None,
2021-03-22,16:32:57,KRW-DOT,limit,43600.0,bid,11.93759747,520479.0,
2021-03-20,22:26:21,KRW-DOT,market,None,ask,4.63840756,None,
2021-03-18,18:27:29,KRW-DOT,market,None,ask,1.98788895,None,
2021-03-18,00:04:47,KRW-DOT,market,None,ask,0.62157976,None,
2021-03-17,23:11:44,KRW-DOT,market,None,ask,3.72947854,None,
2021-03-16,23:41:48,KRW-DOT,limit,40190.0,ask,4.97263805,199850.0,
2021-03-15,21:25:12,KRW-DOT,limit,40160.0,bid,9.94527611,399402.0,
2021-03-15,17:51:12,KRW-DOT,market,None,ask,6.00370895,None,
2021-08-25,22:22:59,KRW-SRM,market,None,ask,61.89481679,None,
2021-08-25,11:27:54,KRW-SRM,limit,8010.0,ask,49.90642545,399750.0,
2021-08-24,23:34:23,KRW-SRM,limit,8050.0,bid,111.80124224,900000.0,
2021-08-24,18:47:01,KRW-SRM,limit,8820.0,ask,70.7406214,623932.0,
2021-08-23,17:45:57,KRW-SRM,limit,8690.0,bid,70.7406214,614735.0,
2021-08-18,16:33:32,KRW-SRM,market,None,ask,62.11180124,None,
2021-08-18,15:24:50,KRW-SRM,market,None,ask,62.11180124,None,
2021-08-18,14:51:13,KRW-SRM,limit,8065.0,bid,124.22360248,1001863.0,
2021-03-19,10:56:07,KRW-MVL,market,None,ask,3658.53658537,None,
2021-03-19,09:39:12,KRW-MVL,market,None,ask,3658.53658536,None,
2021-03-19,01:21:34,KRW-MVL,limit,40.3,bid,7317.07317073,294878.0,
2021-08-07,18:42:19,KRW-STRAX,limit,2385.0,ask,210.21472562,501362.0,
2021-08-07,12:28:25,KRW-STRAX,limit,2395.0,bid,210.21472562,503464.0,
2017-12-06,10:06:25,KRW-STRAX,limit,9120.0,ask,1.19071468,10859.0,
2017-12-05,18:05:34,KRW-STRAX,limit,8885.0,bid,1.19071468,10579.0,
2017-12-05,12:00:01,KRW-STRAX,limit,9220.0,ask,6.70140471,61786.0,
2017-12-05,01:17:13,KRW-STRAX,limit,8365.0,bid,3.40081005,28447.0,
2021-08-07,20:00:22,KRW-AQT,limit,4535.0,ask,224.78851592,1019415.0,
2021-08-07,12:29:29,KRW-AQT,limit,4525.0,ask,132.59668508,599999.0,
2021-08-07,10:49:01,KRW-AQT,limit,4515.0,bid,244.26302906,1102847.0,
2021-08-07,10:23:24,KRW-AQT,limit,4415.0,bid,113.12217194,499434.0,
2021-03-22,09:01:16,KRW-AQT,market,None,ask,10.01281242,None,
2021-03-22,01:29:41,KRW-AQT,market,None,ask,10.01281242,None,
2021-03-22,01:28:58,KRW-AQT,market,None,ask,56.0,None,
2021-03-21,23:50:10,KRW-AQT,market,None,ask,40.26024573,None,
2021-03-21,23:44:57,KRW-AQT,limit,12670.0,ask,63.26610042,801581.0,
2021-04-10,13:52:20,KRW-GLM,market,None,ask,2040.1570197,None,
2021-04-10,13:51:41,KRW-GLM,market,None,ask,2040.1570197,None,
2021-04-10,00:53:51,KRW-GLM,market,None,ask,3302.24793636,None,
2021-04-01,16:34:08,KRW-GLM,limit,736.0,ask,881.35676442,648678.0,
2021-04-01,15:16:14,KRW-GLM,limit,741.0,ask,881.35676441,653085.0,
2021-04-01,15:01:39,KRW-GLM,limit,743.0,bid,1762.71352883,1309696.0,
2021-10-10,13:43:22,KRW-SSX,limit,93.5,ask,20164.39763678,1885371.0,
2021-10-10,02:57:46,KRW-SSX,limit,91.5,bid,5458.51528384,499454.0,
2021-10-08,21:13:46,KRW-SSX,limit,103.0,bid,14705.88235294,1514705.0,
2021-10-07,10:59:24,KRW-SSX,limit,90.0,ask,6332.18120818,569896.0,
2021-10-07,10:54:03,KRW-SSX,limit,90.7,bid,6332.18120818,574328.0,
2021-10-07,09:34:42,KRW-SSX,limit,88.2,ask,6366.84667003,561555.0,
2021-10-06,22:16:52,KRW-SSX,limit,80.0,ask,6265.6641604,501253.0,
2021-10-06,16:32:00,KRW-SSX,limit,82.7,bid,12632.51083043,1044708.0,
2021-08-25,11:03:40,KRW-SSX,market,None,ask,6226.65006227,None,
2021-08-24,23:49:51,KRW-SSX,limit,80.3,bid,6226.65006227,500000.0,
2021-04-03,20:37:36,KRW-SSX,market,None,ask,6652.18313352,None,
2021-04-03,20:36:34,KRW-SSX,limit,271.0,bid,6652.18313352,1802741.0,
2021-03-24,20:32:16,KRW-SSX,market,None,ask,641.02564102,None,
2021-08-08,11:50:41,KRW-META,market,None,ask,3424.65753425,None,
2021-08-07,20:01:29,KRW-META,limit,153.0,ask,3424.65753424,523972.0,
2021-08-06,15:03:57,KRW-META,limit,146.0,bid,6849.31506849,999999.0,
2021-05-24,13:36:23,KRW-META,limit,103.0,ask,5823.63885547,599834.0,
2021-05-24,09:21:01,KRW-META,limit,115.0,ask,5823.63885546,669718.0,
2021-05-24,03:18:54,KRW-META,limit,109.0,bid,7086.87385321,772469.0,
2021-05-24,02:20:33,KRW-META,limit,105.0,ask,4560.40385772,478842.0,
2021-05-24,02:07:28,KRW-META,limit,107.0,bid,4761.9047619,509523.0,
2021-05-23,22:30:59,KRW-META,limit,110.0,ask,1958.34770376,215418.0,
2021-05-23,22:28:56,KRW-META,limit,111.0,ask,2105.75021909,233738.0,
2021-05-23,22:27:56,KRW-META,limit,111.0,ask,2807.66695879,311651.0,
2021-05-23,21:45:28,KRW-META,limit,117.0,bid,4310.34482759,504310.0,
2021-05-23,01:39:03,KRW-META,limit,136.0,bid,1838.23529412,250000.0,
2021-05-22,21:48:29,KRW-META,limit,136.0,bid,1838.23529412,250000.0,
2021-05-22,10:01:50,KRW-META,limit,152.0,ask,3243.85241935,493065.0,
2021-05-22,09:45:48,KRW-META,limit,155.0,bid,1496.97096774,232030.0,
2021-05-22,09:40:53,KRW-META,limit,155.0,bid,4990.73387096,773563.0,
2021-03-24,03:18:19,KRW-META,market,None,ask,1096.49122807,None,
2021-03-24,02:59:48,KRW-META,limit,225.0,ask,1096.49122807,246710.0,
2021-03-16,13:47:54,KRW-META,limit,161.0,ask,1353.48575712,217911.0,
2021-03-16,12:09:34,KRW-META,limit,160.0,bid,1353.48575712,216557.0,
2021-10-07,12:31:19,KRW-CBK,limit,6275.0,ask,50.51768449,316998.0,
2021-10-07,12:21:45,KRW-CBK,limit,5835.0,ask,50.51768449,294770.0,
2021-10-07,12:14:04,KRW-CBK,limit,5320.0,ask,101.03536897,537508.0,
2021-10-07,11:20:23,KRW-CBK,limit,4755.0,bid,82.95704934,394460.0,
2021-08-14,18:34:03,KRW-CBK,limit,5185.0,ask,106.03546007,549793.0,
2021-08-14,12:48:52,KRW-CBK,limit,5045.0,ask,106.03546006,534948.0,
2021-08-13,15:26:35,KRW-CBK,limit,4730.0,ask,55.02645503,260275.0,
2021-08-13,15:26:23,KRW-CBK,limit,4725.0,ask,211.64021164,999999.0,
2021-08-13,15:25:18,KRW-CBK,limit,4730.0,bid,478.7375868,2264428.0,
2021-08-05,09:41:06,KRW-SAND,limit,733.0,ask,660.5019815,484147.0,
2021-08-05,08:38:43,KRW-SAND,limit,758.0,bid,660.5019815,500660.0,
2021-08-13,15:25:39,KRW-HUM,limit,131.0,ask,3906.25,511718.0,
2021-08-12,14:31:16,KRW-HUM,limit,129.0,bid,3906.25,503906.0,
2021-08-04,12:35:18,KRW-DOGE,limit,230.0,ask,6302.5210084,1449579.0,
2021-08-03,00:43:51,KRW-DOGE,limit,238.0,bid,6302.5210084,1499999.0,
2021-05-20,21:58:48,KRW-DOGE,limit,517.0,ask,4844.96124031,2504844.0,
2021-05-20,21:56:05,KRW-DOGE,limit,515.0,ask,4844.96124031,2495155.0,
2021-05-20,21:55:52,KRW-DOGE,limit,515.0,ask,9689.92248062,4990310.0,
2021-05-20,21:54:41,KRW-DOGE,limit,516.0,bid,19379.84496124,9999999.0,
2021-05-04,14:25:54,KRW-DOGE,market,None,ask,24974.71710241,None,
2021-05-04,14:24:52,KRW-DOGE,limit,538.0,bid,24974.71710241,13436397.0,
2021-05-04,14:08:23,KRW-DOGE,market,None,ask,24815.20524141,None,
2021-05-04,14:06:59,KRW-DOGE,limit,545.0,bid,24815.20524141,13524286.0,
2021-05-04,14:05:55,KRW-DOGE,market,None,ask,24885.69426438,None,
2021-05-04,14:02:39,KRW-DOGE,limit,547.0,bid,24885.69426438,13612474.0,
2021-04-06,00:37:33,KRW-DOGE,market,None,ask,19726.97368421,None,
2021-05-12,17:03:18,KRW-STRK,limit,81960.0,ask,59.80145916,4901327.0,
2021-05-12,15:53:03,KRW-STRK,limit,82870.0,bid,59.80145916,4955746.0,
2021-05-04,02:48:02,KRW-PUNDIX,market,None,ask,237.63611495,None,
2021-05-03,16:56:39,KRW-PUNDIX,limit,4105.0,bid,237.63611495,975496.0,
2021-10-05,21:55:19,KRW-FLOW,market,None,ask,26.10966057,None,
2021-10-04,18:06:51,KRW-FLOW,limit,23010.0,bid,26.10966057,600783.0,
2021-10-03,16:50:39,KRW-FLOW,limit,22920.0,ask,16.95262613,388554.0,
2021-10-03,16:50:21,KRW-FLOW,limit,22920.0,ask,16.95262613,388554.0,
2021-09-30,23:00:28,KRW-FLOW,limit,19230.0,bid,33.90525226,651998.0,
2021-08-13,15:23:03,KRW-FLOW,limit,26740.0,ask,20.33869674,543856.0,
2021-08-13,15:22:50,KRW-FLOW,limit,26730.0,ask,1.00327208,26817.0,
2021-08-13,15:06:13,KRW-FLOW,limit,26720.0,ask,37.4251497,999999.0,
2021-08-12,10:50:24,KRW-FLOW,limit,27630.0,bid,18.08972504,499819.0,
2021-08-10,21:01:27,KRW-FLOW,limit,26880.0,ask,18.5528757,498701.0,
2021-08-09,10:02:30,KRW-FLOW,limit,24580.0,bid,20.35002035,500203.0,
2021-08-08,18:03:33,KRW-FLOW,limit,25730.0,bid,38.88024883,1000388.0,
2021-10-07,11:18:32,KRW-DAWN,limit,3855.0,ask,102.42687934,394855.0,
2021-10-06,17:02:36,KRW-DAWN,limit,3880.0,bid,102.42687934,397416.0,
2021-10-06,16:32:12,KRW-DAWN,limit,3850.0,ask,103.32850911,397814.0,
2021-10-06,09:21:21,KRW-DAWN,limit,3775.0,ask,103.32850911,390065.0,
2021-10-06,09:20:28,KRW-DAWN,limit,3785.0,ask,6.65701822,25196.0,
2021-10-06,00:55:00,KRW-DAWN,limit,3755.0,ask,133.15579228000001,500000.0,
2021-10-05,22:03:39,KRW-DAWN,limit,3795.0,bid,41.37022398,157000.0,
2021-10-05,22:03:25,KRW-DAWN,limit,3795.0,bid,305.09960474,1157852.0,
2021-08-12,10:47:51,KRW-DAWN,limit,4680.0,ask,114.33174109,535072.0,
2021-08-12,10:47:42,KRW-DAWN,limit,4680.0,ask,114.33174109,535072.0,
2021-08-10,21:04:37,KRW-DAWN,limit,4525.0,bid,110.59972776,500463.0,
2021-08-09,10:01:21,KRW-DAWN,limit,4240.0,bid,118.06375442,500590.0,
2021-08-08,10:12:22,KRW-DAWN,market,None,ask,113.8952164,None,
2021-08-07,19:30:06,KRW-DAWN,limit,4400.0,bid,113.8952164,501138.0,
2021-08-23,13:38:12,KRW-STX,limit,1720.0,ask,326.96311564,562376.0,
2021-08-22,22:29:33,KRW-STX,limit,1685.0,ask,326.96311563,550932.0,
2021-08-21,12:35:09,KRW-STX,limit,1720.0,ask,653.92623127,1124753.0,
2021-08-20,11:32:32,KRW-STX,limit,1705.0,bid,712.6143673,1215007.0,
2021-08-20,11:27:31,KRW-STX,limit,1685.0,bid,595.23809524,1002976.0,
